TRAIT	author:journal:year	snp.id.orig	CHR	position	EFAL	NEFAL	EAF	BETA	SE	P	gene	Included in the PRS	missing_ukbiobank	beta_switch
12-Leadsum	Harst:JACC:2016	rs2849028	1	23688933	A	G	0.274	154.420	25.630	1.69E-09	ZNF436,C1orf213	1	0	1
12-Leadsum	Harst:JACC:2016	rs3816849	2	179667090	C	T	0.438	174.070	22.290	5.77E-15	TTN,CCDC141	1	0	1
12-Leadsum	Harst:JACC:2016	rs6781009	3	38585434	C	T	0.260	171.080	26.070	5.30E-11	SCN10A,SCN5A	1	0	1
12-Leadsum	Harst:JACC:2016	rs13314892	3	69795052	A	G	0.752	-154.680	26.940	9.44E-09	MITF	1	0	1
12-Leadsum	Harst:JACC:2016	rs10937226	3	185302885	A	G	0.325	-192.610	23.860	6.82E-16	SENP2	1	0	1
12-Leadsum	Harst:JACC:2016	rs17106459	1	51708934	C	T	0.024	-416.160	72.030	7.60E-09	CDKN2C	1	0	1
12-Leadsum	Harst:JACC:2016	rs1015150	6	41659304	T	C	0.445	-128.920	22.410	8.72E-09	TFEB	1	0	1
12-Leadsum	Harst:JACC:2016	rs10105974	8	125854515	G	T	0.377	-151.370	23.150	6.25E-11	MTSS1	1	0	1
12-Leadsum	Harst:JACC:2016	rs12414364	10	68004614	C	G	0.196	178.280	27.700	1.22E-10	CTNNA3	1	0	1
12-Leadsum	Harst:JACC:2016	rs10509289	10	69281495	G	C	0.132	-229.760	35.460	9.16E-11	CTNNA3	1	0	1
12-Leadsum	Harst:JACC:2016	rs7099599	10	75487081	T	C	0.133	226.100	31.350	5.51E-13	SEC24C,SYNPO2L,CAMK2G,ZSWIM8	1	0	1
12-Leadsum	Harst:JACC:2016	rs2926743	12	57114100	A	G	0.268	-275.140	26.010	3.74E-26	NACA,RBMS2,BAZ2A	1	0	1
12-Leadsum	Harst:JACC:2016	rs7132327	12	115381071	C	T	0.288	-217.110	25.400	1.27E-17	TBX3	1	0	1
12-Leadsum	Harst:JACC:2016	rs1408224	13	47215218	A	G	0.725	-139.000	20.140	5.12E-12	LRCH1	1	0	1
12-Leadsum	Harst:JACC:2016	rs7183401	15	85371944	T	G	0.441	241.730	22.610	1.10E-26	ALPK3,ZNF592,ADAMTSL3	1	0	1
12-Leadsum	Harst:JACC:2016	rs8038015	15	99263274	C	T	0.358	-212.760	22.610	4.93E-21	IGF1R	1	0	1
12-Leadsum	Harst:JACC:2016	rs6565060	16	82750051	G	A	0.094	345.810	48.070	6.30E-13	CDH13	1	0	1
12-Leadsum	Harst:JACC:2016	rs7211246	17	28485762	A	G	0.557	-107.300	18.620	8.28E-09	NSRP1,EFCAB5,SSH2,CORO6	1	0	1
12-Leadsum	Harst:JACC:2016	rs242562	17	44026739	A	G	0.384	191.410	24.920	1.57E-14	MAPT,KANSL1	1	0	1
12-Leadsum	Harst:JACC:2016	rs12940610	17	64312463	A	G	0.469	161.750	24.090	1.88E-11	PRKCA	1	0	1
12-Leadsum	Harst:JACC:2016	rs617759	18	32722869	T	G	0.295	150.450	24.260	5.63E-10	MAPRE2	1	0	1
12-Leadsum	Harst:JACC:2016	rs2274317	1	156446903	T	C	0.328	170.790	25.420	1.82E-11	MEF2D	1	0	1
12-Leadsum	Harst:JACC:2016	rs7283707	21	17126994	A	G	0.158	188.130	27.910	1.58E-11	USP25	1	0	1
12-Leadsum	Harst:JACC:2016	rs12036340	1	162015740	A	G	0.745	148.750	22.780	6.61E-11	OLFML2B	1	0	1
12-Leadsum	Harst:JACC:2016	rs4288653	1	204266028	A	T	0.278	195.520	31.160	3.50E-10	PLEKHA6	1	0	1
Cornell	Harst:JACC:2016	rs2216101	2	36640405	T	C	0.432	21.960	3.580	8.80E-10	STRN	1	0	1
Cornell	Harst:JACC:2016	rs13185595	5	153872170	A	G	0.378	-38.400	3.770	2.10E-24	HAND1	1	0	1
Cornell	Harst:JACC:2016	rs9462210	6	36628953	A	G	0.212	21.730	3.550	9.64E-10	CDKN1A	1	0	1
Cornell	Harst:JACC:2016	rs1733724	10	54223977	A	G	0.248	32.940	4.300	1.75E-14	DKK1	1	0	1
Cornell	Harst:JACC:2016	rs2103883	1	61877378	G	A	0.474	-27.820	3.400	2.87E-16	NFIA	1	0	1
Cornell	Harst:JACC:2016	rs2269434	11	47360412	C	T	0.347	22.800	3.700	7.38E-10	MYBPC3,MADD,NR1H3,ACP2,RAPSN	1	0	1
Cornell	Harst:JACC:2016	rs736825	12	54417576	G	C	0.382	-21.630	3.320	7.20E-11	HOXC4,HOXC6,HOXC5	1	0	1
Cornell	Harst:JACC:2016	rs2958153	12	57081517	A	G	0.268	-22.090	3.560	5.19E-10	NACA,RBMS2,BAZ2A	1	0	1
Cornell	Harst:JACC:2016	rs2891537	12	115358952	T	G	0.296	24.270	3.870	3.53E-10	TBX3	1	0	1
Cornell	Harst:JACC:2016	rs6496452	15	85372645	T	A	0.444	22.170	3.400	7.36E-11	ALPK3,ZNF592,ADAMTSL3	1	0	1
Cornell	Harst:JACC:2016	rs8038015	15	99263274	C	T	0.358	-19.890	3.150	2.89E-10	IGF1R	1	0	1
Cornell	Harst:JACC:2016	rs3929778	20	6460290	T	C	0.798	-21.420	3.330	1.22E-10	BMP2	1	0	1
Cornell	Harst:JACC:2016	rs2025096	20	33540000	A	G	0.204	-21.820	3.230	1.33E-11	GSS,EDEM2,MYH7B	1	0	1
Cornell	Harst:JACC:2016	rs10920184	1	201338896	T	C	0.349	-18.750	3.210	5.01E-09	TNNT2,LAD1	1	0	1
Cornell	Harst:JACC:2016	rs6710065	2	27076557	T	C	0.393	-18.660	3.170	4.12E-09	DPYSL5	1	0	1
HR	DenHoed:NG:2013	rs365990	14	23861811	G	A	0.353	0.564	0.047	5.39E-45	MYH6	1	0	1
HR	DenHoed:NG:2013	rs1015451	6	122131485	C	T	0.102	0.713	0.072	1.14E-33	GJA1	1	0	1
HR	DenHoed:NG:2013	rs13245899	7	100497131	G	A	0.195	0.447	0.055	7.67E-27	ACHE	1	0	1
HR	DenHoed:NG:2013	rs11118555	1	207940853	A	T	0.124	0.612	0.069	3.88E-26	CD46	1	0	1
HR	DenHoed:NG:2013	rs174549	11	61571382	A	G	0.310	0.358	0.047	1.38E-22	FADS1	1	0	1
HR	DenHoed:NG:2013	rs11153730	6	118667522	T	C	0.509	0.381	0.044	7.55E-21	SLC35F1	1	0	1
HR	DenHoed:NG:2013	rs17287293	12	24770878	A	G	0.850	0.444	0.062	3.07E-20	LINC00477(C12orf67)	1	0	1
HR	DenHoed:NG:2013	rs6127471	20	36844038	C	T	0.540	0.429	0.045	5.22E-29	KIAA1755	1	0	1
HR	DenHoed:NG:2013	rs17362588	2	179721046	A	G	0.114	0.736	0.077	3.57E-26	CCDC141	0	0	1
HR	DenHoed:NG:2013	rs7980799	12	33576990	A	C	0.401	0.377	0.046	6.22E-24	SYT10	1	0	1
HR	DenHoed:NG:2013	rs4489968	15	73665506	T	G	0.843	0.513	0.060	3.82E-20	HCN4	1	0	1
HR	DenHoed:NG:2013	rs7612445	3	179172979	G	T	0.816	0.358	0.060	1.86E-14	GNB4	1	0	1
HR	DenHoed:NG:2013	rs17796783	14	85809911	T	C	0.716	0.334	0.049	2.69E-13	FLRT2	1	0	1
HR	DenHoed:NG:2013	rs2350782	7	136642634	C	T	0.116	0.505	0.078	1.26E-12	CHRM2	1	0	1
HR	DenHoed:NG:2013	rs6882776	5	172664163	G	A	0.680	0.301	0.051	2.29E-12	NKX2-5	1	0	1
HR	DenHoed:NG:2013	rs180242	7	93549596	T	A	0.333	0.316	0.053	6.78E-12	GNG11	0	0	1
HR	DenHoed:NG:2013	rs13030174	2	232271284	A	C	0.733	0.300	0.051	1.04E-10	B3GNT7	1	0	1
HR	DenHoed:NG:2013	rs9647379	3	171785168	C	G	0.400	0.206	0.047	1.17E-09	FNDC3B	1	0	1
HR	DenHoed:NG:2013	rs2067615	12	107149422	A	T	0.490	0.278	0.044	1.58E-09	RFX4	1	0	1
HR	DenHoed:NG:2013	rs826838	12	39106731	C	T	0.443	0.234	0.045	3.73E-09	CPNE8	1	0	1
HR	DenHoed:NG:2013	rs4140885	2	188333064	A	G	0.317	0.217	0.049	4.72E-08	TFPI	1	0	1
HR	Eppinga:NG:2016	rs145358377	1	6272136	GA	G	0.360	-0.182	0.077	1.78E-02	RNF207, ICMT	1	0	1
HR	Eppinga:NG:2016	rs272564	1	45012273	C	A	0.280	0.271	0.058	3.30E-06	RNF220	1	0	1
HR	Eppinga:NG:2016	rs2152735	1	87893132	A	G	0.330	-0.291	0.056	2.06E-07	LMO4	1	0	1
HR	Eppinga:NG:2016	rs11454451	1	217722890	CT	C	0.260	0.216	0.059	2.45E-04	GPATCH2	1	0	1
HR	Eppinga:NG:2016	rs1260326	2	27730940	C	T	0.390	-0.256	0.054	1.75E-06	GCKR	1	0	1
HR	Eppinga:NG:2016	rs12713404	2	60006705	T	G	0.380	-0.120	0.053	2.42E-02	BCL11A	1	0	1
HR	Eppinga:NG:2016	rs564190295	2	175547672	GCCGCCGCCCCC 	G	0.150	-0.344	0.142	1.57E-02	WIPF1	0	0	1
HR	Eppinga:NG:2016	rs907683	2	220299541	T	G	0.430	-0.296	0.061	1.10E-06	SPEG,DES	1	0	1
HR	Eppinga:NG:2016	rs4608502	2	228134155	C	T	0.330	0.221	0.055	6.02E-05	COL4A3	1	0	1
HR	Eppinga:NG:2016	rs41312411	3	38621237	G	C	0.150	-0.192	0.076	1.13E-02	SCN5A	1	0	1
HR	Eppinga:NG:2016	rs3749237	3	49770032	A	G	0.320	0.150	0.056	7.40E-03	IP6K1,KLHDC8B	1	0	1
HR	Eppinga:NG:2016	rs2358740	3	53455569	T	G	0.320	-0.128	0.055	2.03E-02	CACNA1D	1	0	1
HR	Eppinga:NG:2016	rs1483890	3	69410725	G	A	0.300	0.272	0.056	1.38E-06	FRMD4B	1	0	1
HR	Eppinga:NG:2016	rs11920570	3	122090102	A	G	0.260	0.127	0.058	2.75E-02	CCDC58	1	0	1
HR	Eppinga:NG:2016	rs12501032	4	23951018	G	C	0.310	0.278	0.057	9.80E-07	PPARGC1A	1	0	1
HR	Eppinga:NG:2016	rs6845865	4	148974602	C	T	0.160	-0.281	0.072	9.07E-05	ARHGAP10,EDNRA	1	0	1
HR	Eppinga:NG:2016	rs13165531	5	30888583	T	A	0.420	-0.166	0.053	1.65E-03	CDH6	1	0	1
HR	Eppinga:NG:2016	rs1468333	5	137552970	C	T	0.630	-0.233	0.054	1.52E-05	CDC23	1	0	1
HR	Eppinga:NG:2016	rs236349	6	36820565	G	A	0.340	0.273	0.055	8.11E-07	PPIL1	1	0	1
HR	Eppinga:NG:2016	rs58437978	7	35258277	C	T	0.500	-0.183	0.057	1.32E-03	TBX20	1	0	1
HR	Eppinga:NG:2016	rs41748	7	116446573	G	T	0.450	-0.120	0.052	2.23E-02	MET	1	0	1
HR	Eppinga:NG:2016	rs11563648	7	126970046	C	G	0.270	-0.121	0.058	3.74E-02	ZNF800	1	0	1
HR	Eppinga:NG:2016	rs138186803	7	130965408	A	AT	0.410	-0.550	0.107	2.70E-07	MKLN1	1	0	1
HR	Eppinga:NG:2016	rs56233017	8	144981488	A	G	0.040	-0.637	0.135	2.49E-06	PLEC	1	0	1
HR	Eppinga:NG:2016	rs10739663	9	128278739	G	A	0.450	-0.229	0.052	1.05E-05	MAPKAP1	1	0	1
HR	Eppinga:NG:2016	rs12576326	11	44980383	G	A	0.340	0.219	0.058	1.57E-04	TP53I11	1	0	1
HR	Eppinga:NG:2016	rs75190942	11	128764571	A	C	0.090	-0.498	0.099	4.90E-07	KCNJ5	1	0	1
HR	Eppinga:NG:2016	rs2283274	12	2184466	C	G	0.180	-0.371	0.071	1.58E-07	CACNA1C	1	0	1
HR	Eppinga:NG:2016	rs10841486	12	20472202	C	T	0.220	-0.148	0.063	1.89E-02	PDE3A	1	0	1
HR	Eppinga:NG:2016	rs1050288	12	27955296	T	C	0.340	-0.142	0.057	1.36E-02	KLHL42	1	0	1
HR	Eppinga:NG:2016	rs10880689g	12	37930102	G	A	0.600	0.221	0.054	3.91E-05	ALG10B	0	0	1
HR	Eppinga:NG:2016	rs867400	12	64976850	C	T	0.430	0.301	0.053	1.05E-08	RASSF3	1	0	1
HR	Eppinga:NG:2016	rs12579753	12	82219376	T	C	0.230	-0.193	0.062	1.74E-03	PPFIA2	1	0	1
HR	Eppinga:NG:2016	rs12889267	14	21542766	G	A	0.160	0.421	0.073	7.89E-09	NDRG2, ARHGEF40	1	0	1
HR	Eppinga:NG:2016	rs17180489	14	72885471	C	G	0.140	-0.370	0.132	5.01E-03	RGS6	1	0	1
HR	Eppinga:NG:2016	rs1549118	14	78379684	T	C	0.280	0.113	0.057	4.80E-02	ADCK1	1	0	1
HR	Eppinga:NG:2016	rs4900069	14	91583373	C	A	0.370	0.125	0.054	2.14E-02	C14orf159	1	0	1
HR	Eppinga:NG:2016	rs3915499	16	15910743	A	G	0.320	0.284	0.056	3.72E-07	MYH11	1	0	1
HR	Eppinga:NG:2016	rs7194801	16	65286870	C	T	0.430	-0.240	0.052	4.49E-06	CDH11	1	0	1
HR	Eppinga:NG:2016	rs79121763	17	15195279	T	C	0.090	-0.376	0.110	6.59E-04	TEKT3,PMP22	1	0	1
HR	Eppinga:NG:2016	rs11083258	18	25766218	C	A	0.170	-0.192	0.071	6.96E-03	CDH2b	1	0	1
HR	Eppinga:NG:2016	rs61735998	18	34289285	T	G	0.020	-0.593	0.176	7.74E-04	FHOD3	1	0	1
HR	Eppinga:NG:2016	rs16974196	19	40833470	A	G	0.320	0.217	0.057	1.55E-04	C19orf47,MAP3K10	1	0	1
HR	Eppinga:NG:2016	rs12721051	19	45422160	G	C	0.180	-0.241	0.071	6.45E-04	APOE,APOC1,PVRL2	1	0	1
HR	Eppinga:NG:2016	rs17265513	20	39832628	C	T	0.190	0.146	0.066	2.78E-02	ZHX3,EMILIN3	1	0	1
HR	Eppinga:NG:2016	rs2076028	22	39150450	A	G	0.290	-0.197	0.057	5.49E-04	SUN2,CBY1,GTPBP1	1	0	1
HR	Eppinga:NG:2016	rs41317993	1	207961732	A	G	0.100	0.679	0.086	3.60E-15	CD46,CD34	0	0	1
HR	Eppinga:NG:2016	rs151041685	2	179725237	T	G	0.090	0.996	0.090	1.23E-28	CCDC141,TTN	1	0	1
HR	Eppinga:NG:2016	rs62172372	2	188242369	G	A	0.190	0.286	0.064	7.83E-06	CALCRL	0	0	1
HR	Eppinga:NG:2016	rs13002735	2	232268884	C	A	0.240	-0.277	0.061	4.55E-06	B3GNT7	0	0	1
HR	Eppinga:NG:2016	rs7612445	3	179172979	T	G	0.190	-0.484	0.066	2.09E-13	GNB4	0	0	1
HR	Eppinga:NG:2016	rs4868243	5	172643118	A	G	0.160	-0.332	0.069	1.40E-06	NKX2-5	0	0	1
HR	Eppinga:NG:2016	rs3951016	6	118559658	A	T	0.470	0.476	0.052	5.61E-20	SCLC35F1,PLN	0	0	1
HR	Eppinga:NG:2016	rs1320761	6	122168138	T	C	0.110	0.918	0.085	1.85E-27	GJA1	0	0	1
HR	Eppinga:NG:2016	rs180239	7	93550415	C	G	0.350	-0.423	0.055	8.14E-15	GNGT1,GNG11	1	0	1
HR	Eppinga:NG:2016	rs17881696	7	100493359	A	G	0.180	0.563	0.067	3.48E-17	UFSP1,SRRT,ACHE	0	0	1
HR	Eppinga:NG:2016	rs73158705	7	136576100	G	A	0.160	0.377	0.071	1.35E-07	CHRM2	0	0	1
HR	Eppinga:NG:2016	rs11320420	11	61542006	G	GA	0.340	NA	NA	E-200	MYRF,FEN1,FADS2	0	0	1
HR	Eppinga:NG:2016	rs4963772	12	24758480	A	G	0.150	-0.684	0.074	3.40E-20	SOX5	0	0	1
HR	Eppinga:NG:2016	rs1994135	12	33682405	C	T	0.470	0.392	0.052	4.92E-14	SYT10	0	0	1
HR	Eppinga:NG:2016	rs422068	14	23864804	C	T	0.360	0.657	0.054	1.19E-33	MYH6,MYH7	0	0	1
HR	Eppinga:NG:2016	rs17201923	14	85796564	G	A	0.280	-0.328	0.057	1.01E-08	FLRT2	0	0	1
HR	Eppinga:NG:2016	rs7173389	15	73663903	T	A	0.160	-0.430	0.072	1.96E-09	HCN4,NEO1	0	0	1
HR	Eppinga:NG:2016	rs6123471	20	36840156	C	T	0.460	-0.510	0.053	3.18E-22	KIAA1755	0	0	1
PR-Interval	Pfeufer:NG:2010	rs11897119	2	66772000	C	T	0.389	1.362	0.207	4.62E-11	MEIS1	0	0	1
PR-Interval	Pfeufer:NG:2010	rs11708996	3	38633923	C	G	0.149	3.040	0.289	6.00E-26	SCN5A	0	0	1
PR-Interval	Pfeufer:NG:2010	rs6800541	3	38774832	C	T	0.404	3.769	0.207	2.10E-74	SCN10A	0	0	1
PR-Interval	Pfeufer:NG:2010	rs7692808	4	86641149	A	G	0.306	-2.015	0.220	5.99E-20	ARHGAP24	0	0	1
PR-Interval	Pfeufer:NG:2010	rs251253	5	172480336	C	T	0.399	-1.492	0.209	9.45E-13	NKX2-5	0	0	1
PR-Interval	Pfeufer:NG:2010	rs3807989	7	116186241	A	G	0.395	2.296	0.209	3.66E-28	CAV1-CAV2	0	0	1
PR-Interval	Pfeufer:NG:2010	rs4944092	11	75909619	G	A	0.321	-1.192	0.216	3.22E-08	WNT11	1	0	1
PR-Interval	Pfeufer:NG:2010	rs11047543	12	24788339	A	G	0.147	-2.091	0.287	3.34E-13	SOX5	0	0	1
PR-Interval	Pfeufer:NG:2010	rs1896312	12	115346424	C	T	0.279	1.951	0.231	3.13E-17	TBX5-TBX3	0	0	1
PR-Interval	VanSetten:Nat.Comm:2018	rs4430933	2	66749610	A	G	0.393	1.299	0.114	5.06E-30	MEIS1	1	0	1
PR-Interval	VanSetten:Nat.Comm:2018	rs6599250	3	38784029	T	C	0.409	3.765	0.113	4.42E-242	SCN10A	1	0	1
PR-Interval	VanSetten:Nat.Comm:2018	rs11708996	3	38633923	C	G	0.147	3.089	0.176	1.06E-68	SCN5A	1	0	1
PR-Interval	VanSetten:Nat.Comm:2018	rs343849	4	86663055	A	T	0.299	-2.074	0.126	3.13E-61	ARHGAP24	1	0	1
PR-Interval	VanSetten:Nat.Comm:2018	rs255292	5	172580866	C	A	0.422	-1.083	0.115	5.99E-21	BNIP1/NKX2-5	1	0	1
PR-Interval	VanSetten:Nat.Comm:2018	rs3807989	7	116186241	A	G	0.405	2.035	0.116	8.65E-69	CAV1	1	0	1
PR-Interval	VanSetten:Nat.Comm:2018	rs652673	11	75931291	C	T	0.218	-0.827	0.151	4.41E-08	WNT11	0	0	1
PR-Interval	VanSetten:Nat.Comm:2018	rs17287293	12	24770878	G	A	0.145	-2.179	0.162	2.33E-41	C12orf67	1	0	1
PR-Interval	VanSetten:Nat.Comm:2018	rs1896312	12	115346424	C	T	0.293	1.604	0.131	1.16E-34	TBX3	1	0	1
PR-Interval	VanSetten:Nat.Comm:2018	rs6489953	12	114764762	C	T	0.171	1.227	0.149	1.94E-16	TBX5	1	0	1
PR-Interval	VanSetten:Nat.Comm:2018	rs4648819	1	2204790	G	A	0.111	-1.735	0.278	4.68E-10	SKI	1	0	1
PR-Interval	VanSetten:Nat.Comm:2018	rs7538988	1	51817541	C	T	0.025	-2.129	0.373	1.14E-08	EPS15	1	0	1
PR-Interval	VanSetten:Nat.Comm:2018	rs12127701	1	109838264	G	A	0.064	1.668	0.276	1.54E-09	MYBPHL	1	0	1
PR-Interval	VanSetten:Nat.Comm:2018	rs11264339	1	155140648	T	C	0.483	-0.709	0.114	5.94E-10	KRTCAP2	1	0	1
PR-Interval	VanSetten:Nat.Comm:2018	rs397637	1	228453328	T	G	0.282	0.769	0.125	7.11E-10	OBSCN	1	0	1
PR-Interval	VanSetten:Nat.Comm:2018	rs3856447	2	8750266	A	G	0.394	1.218	0.114	1.20E-26	ID2	1	0	1
PR-Interval	VanSetten:Nat.Comm:2018	rs2732860	2	103398334	G	A	0.516	-0.893	0.113	3.03E-15	TMEM182	1	0	1
PR-Interval	VanSetten:Nat.Comm:2018	rs13018106	2	164375202	C	G	0.417	-0.776	0.115	1.53E-11	FIGN	1	0	1
PR-Interval	VanSetten:Nat.Comm:2018	rs922984	2	179615887	T	C	0.073	1.518	0.226	1.79E-11	TTN	1	0	1
PR-Interval	VanSetten:Nat.Comm:2018	rs9826413	3	27834747	T	A	0.058	2.024	0.359	1.69E-08	EOMES	1	0	1
PR-Interval	VanSetten:Nat.Comm:2018	rs900669	3	69406802	A	T	0.254	0.770	0.132	5.72E-09	FRMD4B	1	0	1
PR-Interval	VanSetten:Nat.Comm:2018	rs13087058	3	73551228	C	T	0.373	-0.982	0.117	5.82E-17	PDZRN3	1	0	1
PR-Interval	VanSetten:Nat.Comm:2018	rs16858828	3	111630787	C	A	0.178	0.853	0.153	2.41E-08	PHLDB2	1	0	1
PR-Interval	VanSetten:Nat.Comm:2018	rs6441111	3	156821808	C	T	0.518	0.817	0.125	6.96E-11	CCNL1	1	0	1
PR-Interval	VanSetten:Nat.Comm:2018	rs7638853	3	185350706	A	G	0.339	-0.685	0.123	2.44E-08	SENP2	1	0	1
PR-Interval	VanSetten:Nat.Comm:2018	rs17446418	4	114418006	G	T	0.255	0.781	0.132	3.41E-09	CAMK2D	1	0	1
PR-Interval	VanSetten:Nat.Comm:2018	rs3733409	4	187627593	T	C	0.134	0.949	0.171	2.67E-08	FAT1	1	0	1
PR-Interval	VanSetten:Nat.Comm:2018	rs7729395	5	102100576	T	C	0.048	2.361	0.365	1.00E-10	PAM	1	0	1
PR-Interval	VanSetten:Nat.Comm:2018	rs11763856	7	35545787	T	C	0.025	3.062	0.491	4.48E-10	HERPUD2	1	0	1
PR-Interval	VanSetten:Nat.Comm:2018	rs2129561	7	130963771	A	G	0.424	-0.973	0.124	3.39E-15	MKLN1	1	0	1
PR-Interval	VanSetten:Nat.Comm:2018	rs881301	8	38332318	C	T	0.410	0.757	0.122	5.04E-10	FGFR1	1	0	1
PR-Interval	VanSetten:Nat.Comm:2018	rs12678719	8	106516054	G	C	0.266	0.799	0.128	3.77E-10	ZFPM2	1	0	1
PR-Interval	VanSetten:Nat.Comm:2018	rs12359272	10	97365163	A	G	0.369	1.019	0.125	3.68E-16	ALDH18A1	1	0	1
PR-Interval	VanSetten:Nat.Comm:2018	rs12257568	10	105522875	T	C	0.407	1.036	0.120	5.83E-18	SH3PXD2A	1	0	1
PR-Interval	VanSetten:Nat.Comm:2018	rs1372797	11	20015276	T	G	0.119	-1.067	0.179	2.36E-09	NAV2	1	0	1
PR-Interval	VanSetten:Nat.Comm:2018	rs11067773	12	116228495	C	T	0.086	-1.297	0.227	1.02E-08	MED13L	1	0	1
PR-Interval	VanSetten:Nat.Comm:2018	rs718426	13	22085659	G	A	0.413	-1.158	0.114	3.25E-24	EFHA1	1	0	1
PR-Interval	VanSetten:Nat.Comm:2018	rs2585897	13	21398979	A	G	0.160	1.222	0.152	9.28E-16	XPO4	1	0	1
PR-Interval	VanSetten:Nat.Comm:2018	rs9590974	13	47238717	C	A	0.342	1.097	0.121	1.02E-19	LRCH1	1	0	1
PR-Interval	VanSetten:Nat.Comm:2018	rs11465506	14	23842661	A	G	0.017	-6.433	1.044	7.06E-10	IL25	1	0	1
PR-Interval	VanSetten:Nat.Comm:2018	rs4901308	14	53379925	T	C	0.187	-0.835	0.149	2.04E-08	FERMT2	1	0	1
PR-Interval	VanSetten:Nat.Comm:2018	rs17767398	14	71770485	G	C	0.259	0.951	0.132	6.44E-13	SNORD56B	1	0	1
PR-Interval	VanSetten:Nat.Comm:2018	rs904974	15	70447582	T	C	0.162	1.062	0.194	4.53E-08	TLE3	1	0	1
PR-Interval	VanSetten:Nat.Comm:2018	rs1984481	17	12637742	C	G	0.539	-0.810	0.120	1.37E-11	MYOCD	1	0	1
PR-Interval	VanSetten:Nat.Comm:2018	rs2030569	3	66413918	G	A	0.285	-0.715	0.128	2.54E-08	SLC25A26	1	0	1
PR-Interval	VanSetten:Nat.Comm:2018	rs3732733	3	71286767	A	G	0.090	1.171	0.215	4.84E-08	FOXP1	1	0	1
PR-Interval	VanSetten:Nat.Comm:2018	rs11970286	6	118680374	T	C	0.435	-0.636	0.116	4.17E-08	SLC35F1	1	0	1
PR-Interval	VanSetten:Nat.Comm:2018	rs4871397	8	124635197	G	C	0.070	1.671	0.266	3.17E-10	KLHL38	1	0	1
PR-Interval	VanSetten:Nat.Comm:2018	rs8046873	16	82751932	T	C	0.099	-1.279	0.216	3.37E-09	CDH13	1	0	1
QRS-Duration	Sotoodehnia:NG:2010	rs6801957	3	38767315	T	C	0.410	0.770	0.070	1.10E-28	SCN10A	0	0	1
QRS-Duration	Sotoodehnia:NG:2010	rs9851724	3	38719935	C	T	0.330	-0.660	0.070	1.91E-20	SCN10A,SCN5A	1	0	1
QRS-Duration	Sotoodehnia:NG:2010	rs10865879	3	38577362	A	C	0.410	0.770	0.070	1.10E-28	SCN5A,EXOG	1	0	1
QRS-Duration	Sotoodehnia:NG:2010	rs11710077	3	38657899	T	A	0.210	-0.840	0.090	5.74E-22	SCN5A	0	0	1
QRS-Duration	Sotoodehnia:NG:2010	rs11708996	3	38633923	C	G	0.160	0.790	0.100	1.26E-16	SCN5A	0	0	1
QRS-Duration	Sotoodehnia:NG:2010	rs2051211	3	38559749	G	A	0.260	-0.440	0.080	1.57E-08	EXOG	0	0	1
QRS-Duration	Sotoodehnia:NG:2010	rs9470361	6	36623379	A	G	0.250	0.870	0.080	3.00E-27	CDKN1A	0	0	1
QRS-Duration	Sotoodehnia:NG:2010	rs11153730	6	118667522	C	T	0.490	0.590	0.070	1.26E-18	C6orf204,SLC35F1,PLN,BRD7P3	0	0	1
QRS-Duration	Sotoodehnia:NG:2010	rs9436640	1	61873677	G	T	0.460	-0.590	0.070	4.57E-18	NFIA	0	0	1
QRS-Duration	Sotoodehnia:NG:2010	rs13165478	5	153869040	A	G	0.360	-0.550	0.070	7.36E-14	HAND1,SAP30L	0	0	1
QRS-Duration	Sotoodehnia:NG:2010	rs1362212	7	35305306	A	G	0.180	0.690	0.090	1.12E-13	TBX20	0	0	1
QRS-Duration	Sotoodehnia:NG:2010	rs11848785	14	72057355	G	A	0.270	-0.500	0.080	1.04E-10	SIPA1L1	0	0	1
QRS-Duration	Sotoodehnia:NG:2010	rs883079	12	114793240	C	T	0.290	0.490	0.080	1.33E-10	TBX5	0	0	1
QRS-Duration	Sotoodehnia:NG:2010	rs10850409	12	115381740	A	G	0.270	-0.490	0.080	3.06E-10	TBX3	0	0	1
QRS-Duration	Sotoodehnia:NG:2010	rs7342028	10	114479262	T	G	0.270	0.480	0.080	4.95E-10	VTI1A	0	0	1
QRS-Duration	Sotoodehnia:NG:2010	rs991014	18	42439886	T	C	0.420	0.420	0.070	6.20E-10	SETBP1	0	0	1
QRS-Duration	Sotoodehnia:NG:2010	rs17020136	2	37248015	C	T	0.210	0.510	0.080	1.90E-09	HEATR5B,STRN	0	0	1
QRS-Duration	Sotoodehnia:NG:2010	rs4687718	3	53282303	A	G	0.140	-0.630	0.110	6.25E-09	TKT,PRKCD,CACNA1D	0	0	1
QRS-Duration	Sotoodehnia:NG:2010	rs7562790	2	36673555	G	T	0.400	0.390	0.070	8.22E-09	CRIM1	0	0	1
QRS-Duration	Sotoodehnia:NG:2010	rs17391905	1	51546140	G	T	0.050	-1.350	0.230	3.26E-10	C1orf185,RNF11,CDKN2C,FAF1	0	0	1
QRS-Duration	Sotoodehnia:NG:2010	rs9912468	17	64318357	G	C	0.430	0.390	0.070	1.06E-08	PRKCA	0	0	1
QRS-Duration	Sotoodehnia:NG:2010	rs7784776	7	46620145	G	A	0.430	0.390	0.070	1.28E-09	IGFBP3	0	0	1
QRS-Duration	Sotoodehnia:NG:2010	rs4074536	1	116310967	C	T	0.290	-0.420	0.070	2.36E-08	CASQ2	0	0	1
QRS-Duration	Sotoodehnia:NG:2010	rs1886512	13	74520186	A	T	0.370	-0.400	0.070	1.27E-08	KLF12	0	0	1
QRS-Duration	Sotoodehnia:NG:2010	rs2242285	3	66431602	A	G	0.420	0.370	0.070	1.09E-08	LRIG1,SLC25A26	0	0	1
QRS-Duration	Sotoodehnia:NG:2010	rs1733724	10	54223977	A	G	0.250	0.490	0.090	3.05E-08	DKK1	0	0	1
QRS-Duration	Sotoodehnia:NG:2010	rs17608766	17	45013271	C	T	0.160	0.530	0.100	4.75E-10	GOSR2	0	0	1
QRS-Duration	Harst:JACC:2016	rs3770770	2	37192866	T	C	0.195	0.490	0.070	4.95E-11	STRN	1	0	1
QRS-Duration	Harst:JACC:2016	rs6801957	3	38767315	T	C	0.416	0.770	0.060	6.90E-40	SCN10A,SCN5A	0	0	1
QRS-Duration	Harst:JACC:2016	rs4687718	3	53282303	A	G	0.136	-0.570	0.090	6.70E-10	TKT	1	0	1
QRS-Duration	Harst:JACC:2016	rs2242285	3	66431602	A	G	0.397	0.340	0.060	5.65E-09	LRIG1,SLC25A26	1	0	1
QRS-Duration	Harst:JACC:2016	rs1344852	4	20183937	C	G	0.858	0.460	0.080	1.45E-09	SLIT2	1	0	1
QRS-Duration	Harst:JACC:2016	rs13165478	5	153869040	A	G	0.378	-0.590	0.070	8.06E-19	HAND1	0	0	1
QRS-Duration	Harst:JACC:2016	rs1321311	6	36622900	A	C	0.217	0.840	0.070	1.03E-37	CDKN1A	0	0	1
QRS-Duration	Harst:JACC:2016	rs17391905	1	51546140	G	T	0.031	-1.270	0.190	1.07E-11	CDKN2C	0	0	1
QRS-Duration	Harst:JACC:2016	rs11153730	6	118667522	T	C	0.515	-0.630	0.060	7.44E-29	SLC35F1,PLN,CEP85L	0	0	1
QRS-Duration	Harst:JACC:2016	rs1419856	7	35306983	G	A	0.145	0.670	0.080	6.67E-18	TBX20	0	0	1
QRS-Duration	Harst:JACC:2016	rs6968945	7	46640900	C	T	0.445	0.340	0.060	5.14E-09	TNS3	0	0	1
QRS-Duration	Harst:JACC:2016	rs11773845	7	116191301	C	A	0.397	0.360	0.060	7.50E-10	CAV1,CAV2	0	0	1
QRS-Duration	Harst:JACC:2016	rs1194743	10	54212597	T	C	0.248	0.440	0.070	5.87E-09	DKK1	1	0	1
QRS-Duration	Harst:JACC:2016	rs2207790	1	61897967	A	G	0.490	-0.550	0.060	6.71E-19	NFIA	1	0	1
QRS-Duration	Harst:JACC:2016	rs7918405	10	114505465	A	G	0.256	0.500	0.070	1.05E-14	VTI1A	1	0	1
QRS-Duration	Harst:JACC:2016	rs174577	11	61604814	A	C	0.361	-0.380	0.050	4.79E-12	FADS2,TMEM258	1	0	1
QRS-Duration	Harst:JACC:2016	rs883079	12	114793240	C	T	0.285	0.520	0.060	4.58E-16	TBX3	0	0	1
QRS-Duration	Harst:JACC:2016	rs728926	13	74513122	T	C	0.372	-0.400	0.060	5.60E-11	KLF12	0	0	1
QRS-Duration	Harst:JACC:2016	rs12880291	14	71884567	T	G	0.250	-0.490	0.060	4.41E-14	SIPA1L1	0	0	1
QRS-Duration	Harst:JACC:2016	rs12039739	1	116333111	T	C	0.276	-0.410	0.070	6.22E-10	CASQ2	1	0	1
QRS-Duration	Harst:JACC:2016	rs17608766	17	45013271	C	T	0.174	0.520	0.090	8.98E-09	MAPT,KANSL1	0	0	1
QRS-Duration	Harst:JACC:2016	rs9910355	17	64315205	A	C	0.470	0.410	0.060	1.14E-11	PRKCA	0	0	1
QRS-Duration	Harst:JACC:2016	rs879568	18	34311659	C	G	0.318	-0.340	0.060	1.88E-09	FHOD3	1	0	1
QRS-Duration	Harst:JACC:2016	rs10853525	18	42436652	T	C	0.411	0.460	0.060	1.41E-14	SETBP1	0	0	1
QRS-Duration	Harst:JACC:2016	rs2025096	20	33540000	A	G	0.204	-0.370	0.060	4.08E-09	GSS,EDEM2,MYH7B	0	0	1
QRS-Duration	Harst:JACC:2016	rs13047360	21	28851580	G	A	0.170	0.470	0.070	4.02E-10	ADAMTS5	1	0	1
QRS-Duration	Prins:GenomeBiol:2018	rs17362588	2	179721046	A	G	NA	0.520	0.080	4.20E-11	CCDC141	1	0	1
QRS-Duration	Prins:GenomeBiol:2018	rs116202356	3	38103776	A	G	NA	-1.630	0.170	1.23E-20	DLEC1	0	0	1
QRS-Duration	Prins:GenomeBiol:2018	rs6762208	3	185331165	A	C	NA	-0.310	0.050	3.45E-12	SENP2	1	0	1
QRS-Duration	Prins:GenomeBiol:2018	rs4549631	6	126966308	C	T	NA	0.280	0.040	5.56E-11	PRELID1P1	1	0	1
QRS-Duration	Prins:GenomeBiol:2018	rs16898691	8	124663987	G	C	NA	-0.920	0.110	5.71E-16	KLHL38	1	0	1
QRS-Duration	Prins:GenomeBiol:2018	rs2926743	12	57114100	A	G	NA	-0.320	0.050	9.40E-11	NACA	1	0	1
QRS-Duration	Prins:GenomeBiol:2018	rs4966020	15	99284680	G	A	NA	-0.270	0.040	2.99E-09	IGF1R	1	0	1
QRS-Duration	Prins:GenomeBiol:2018	rs961253	20	6404281	A	C	NA	0.300	0.040	1.20E-11	CASC20	1	0	1
QRS-Duration	Prins:GenomeBiol:2018	rs11588271	1	51470242	A	G	NA	-0.340	0.050	7.59E-14	CDKN2C	1	0	1
QRS-Duration	Prins:GenomeBiol:2018	rs4074536	1	116310967	C	T	NA	-0.290	0.050	8.27E-10	CASQ2	0	0	1
QRS-Duration	Prins:GenomeBiol:2018	rs7562790	2	36673555	G	T	NA	0.370	0.040	4.34E-17	CRIM1	1	0	1
QRS-Duration	Prins:GenomeBiol:2018	rs17020136	2	37248015	C	T	NA	0.380	0.070	1.02E-08	HEATR5B	0	0	1
QRS-Duration	Prins:GenomeBiol:2018	rs6795970	3	38766675	A	G	NA	0.800	0.050	9.19E-70	SCN10A	1	0	1
QRS-Duration	Prins:GenomeBiol:2018	rs4687718	3	53282303	A	G	NA	-0.360	0.060	1.19E-08	TKT	0	0	1
QRS-Duration	Prins:GenomeBiol:2018	rs13165478	5	153869040	A	G	NA	-0.680	0.040	6.74E-52	HAND1	1	0	1
QRS-Duration	Prins:GenomeBiol:2018	rs9470361	6	36623379	A	G	NA	0.840	0.050	1.21E-63	CDKN1A	1	0	1
QRS-Duration	Prins:GenomeBiol:2018	rs11153730	6	118667522	C	T	NA	0.560	0.040	1.99E-38	SLC35F1	1	0	1
QRS-Duration	Prins:GenomeBiol:2018	rs1362212	7	35305306	A	G	NA	0.550	0.060	1.22E-18	TBX20	1	0	1
QRS-Duration	Prins:GenomeBiol:2018	rs7784776	7	46620145	G	A	NA	0.270	0.040	1.18E-09	IGFBP3	1	0	1
QRS-Duration	Prins:GenomeBiol:2018	rs3807989	7	116186241	A	G	NA	0.400	0.040	2.14E-19	CAV1	1	0	1
QRS-Duration	Prins:GenomeBiol:2018	rs3825214	12	114795443	G	A	NA	0.460	0.050	1.10E-17	TBX5	1	0	1
QRS-Duration	Prins:GenomeBiol:2018	rs7966651	12	115371958	T	C	NA	-0.380	0.050	6.74E-15	TBX3	1	0	1
QRS-Duration	Prins:GenomeBiol:2018	rs1886512	13	74520186	A	T	NA	-0.360	0.050	3.17E-13	KLF12	1	0	1
QRS-Duration	Prins:GenomeBiol:2018	rs11848785	14	72057355	G	A	NA	-0.440	0.050	5.59E-18	SIPA1L1	1	0	1
QRS-Duration	Prins:GenomeBiol:2018	rs17608766	17	45013271	C	T	NA	0.700	0.070	9.81E-27	GOSR2	1	0	1
QRS-Duration	Prins:GenomeBiol:2018	rs9912468	17	64318357	G	C	NA	0.430	0.050	2.34E-21	PRKCA	1	0	1
QRS-Duration	Prins:GenomeBiol:2018	rs663651	18	42456653	G	A	NA	-0.440	0.050	6.59E-18	SETBP1	1	0	1
QRS-Duration	Prins:GenomeBiol:2018	rs3746435	20	33587198	C	G	NA	-0.360	0.060	2.67E-10	MYH7B	1	0	1
QT-Interval	Arking:NG:2014	rs846111	1	6279370	C	G	0.283	1.730	0.130	7.40E-40	RNF207	0	0	1
QT-Interval	Arking:NG:2014	rs2273042	1	6149122	A	G	0.110	0.940	0.160	6.80E-09	RNF207	0	0	1
QT-Interval	Arking:NG:2014	rs2298632	1	23710475	T	C	0.496	0.700	0.090	1.40E-14	TCEA3	1	0	1
QT-Interval	Arking:NG:2014	rs12143842	1	162033890	T	C	0.240	3.500	0.110	1.30E-213	NOS1AP	0	0	1
QT-Interval	Arking:NG:2014	rs4656345	1	161991237	A	G	0.085	-4.730	0.520	1.00E-19	NOS1AP	1	0	1
QT-Interval	Arking:NG:2014	rs17457880	1	162168154	A	G	0.055	-1.900	0.300	2.80E-10	NOS1AP	0	0	1
QT-Interval	Arking:NG:2014	rs17460657	1	162261826	C	A	0.045	-4.600	0.560	2.70E-16	NOS1AP	0	0	1
QT-Interval	Arking:NG:2014	rs7545047	1	162191103	A	G	0.049	-1.780	0.240	8.90E-14	NOS1AP	0	0	1
QT-Interval	Arking:NG:2014	rs16857031	1	162112910	G	C	0.132	2.370	0.140	6.50E-61	NOS1AP	0	0	1
QT-Interval	Arking:NG:2014	rs6669543	1	161981025	T	C	0.258	1.460	0.110	1.60E-39	NOS1AP	0	0	1
QT-Interval	Arking:NG:2014	rs164133	1	162381288	C	G	0.264	0.720	0.110	3.00E-11	NOS1AP	0	0	1
QT-Interval	Arking:NG:2014	rs347272	1	162318498	A	G	0.132	1.800	0.140	1.30E-37	NOS1AP	0	0	1
QT-Interval	Arking:NG:2014	rs4657172	1	162179632	C	G	0.125	-0.810	0.140	0.000000013	NOS1AP	0	0	1
QT-Interval	Arking:NG:2014	rs3934467	1	162182677	T	C	0.222	2.740	0.110	2.80E-129	NOS1AP	0	0	1
QT-Interval	Arking:NG:2014	rs10919070	1	169099037	C	A	0.126	-1.680	0.140	1.10E-31	ATP1B1	1	0	1
QT-Interval	Arking:NG:2014	rs12079745	1	169101060	A	G	0.059	-1.340	0.210	1.20E-10	ATP1B1	0	0	1
QT-Interval	Arking:NG:2014	rs12061601	1	169070450	C	T	0.117	-1.410	0.150	3.10E-21	ATP1B1	1	0	1
QT-Interval	Arking:NG:2014	rs545833	1	168689940	T	C	0.266	0.900	0.110	3.90E-17	ATP1B1	0	0	1
QT-Interval	Arking:NG:2014	rs1983546	1	169446183	G	A	0.348	-0.810	0.100	9.70E-16	ATP1B1	0	0	1
QT-Interval	Arking:NG:2014	rs12997023	2	40752982	C	T	0.049	-1.690	0.220	4.70E-14	SLC8A1	1	0	1
QT-Interval	Arking:NG:2014	rs6544311	2	40353277	A	C	0.376	0.650	0.100	1.80E-10	SLC8A1	1	0	1
QT-Interval	Arking:NG:2014	rs938291	2	174742608	G	C	0.390	0.530	0.090	5.90E-10	SP3	1	0	1
QT-Interval	Arking:NG:2014	rs7561149	2	179689856	C	T	0.420	-0.520	0.090	7.10E-09	TTN-CCDC141	0	0	1
QT-Interval	Arking:NG:2014	rs295140	2	201160699	T	C	0.423	0.610	0.080	4.40E-13	SPATS2L	1	0	1
QT-Interval	Arking:NG:2014	rs6793245	3	38599037	A	G	0.317	-1.120	0.100	4.40E-27	SCN5A-SCN10A	1	0	1
QT-Interval	Arking:NG:2014	rs6599234	3	38715300	A	T	0.324	0.700	0.100	2.20E-11	SCN5A-SCN10A	1	0	1
QT-Interval	Arking:NG:2014	rs11710077	3	38657899	T	A	0.209	0.920	0.120	1.40E-13	SCN5A-SCN10A	0	0	1
QT-Interval	Arking:NG:2014	rs11708996	3	38633923	C	G	0.148	-0.920	0.140	2.30E-11	SCN5A-SCN10A	0	0	1
QT-Interval	Arking:NG:2014	rs6801957	3	38767315	T	C	0.403	-0.630	0.100	1.10E-10	SCN5A-SCN10A	1	0	1
QT-Interval	Arking:NG:2014	rs17784882	3	47544003	A	C	0.396	-0.540	0.100	0.000000033	C3ORF75	1	0	1
QT-Interval	Arking:NG:2014	rs2363719	4	72138216	A	G	0.108	0.970	0.160	7.80E-10	SLC4A4	1	0	1
QT-Interval	Arking:NG:2014	rs3857067	4	95026434	A	T	0.457	-0.510	0.080	1.20E-09	SMARCAD1	1	0	1
QT-Interval	Arking:NG:2014	rs10040989	5	137573725	A	G	0.133	-0.850	0.130	5.40E-11	GFRA3	1	0	1
QT-Interval	Arking:NG:2014	rs7765828	6	16294722	G	C	0.402	0.550	0.090	3.20E-10	GMPR	1	0	1
QT-Interval	Arking:NG:2014	rs11153730	6	118667522	T	C	0.502	-1.650	0.100	2.20E-67	SLC35F1-PLN	0	0	1
QT-Interval	Arking:NG:2014	rs457162	6	118535983	T	A	0.059	-1.850	0.210	2.50E-18	SLC35F1-PLN	0	0	1
QT-Interval	Arking:NG:2014	rs12210733	6	118653075	A	G	0.063	-2.050	0.210	1.10E-22	SLC35F1-PLN	0	0	1
QT-Interval	Arking:NG:2014	rs3902035	6	119000232	C	T	0.316	-0.850	0.110	8.00E-16	SLC35F1-PLN	0	0	1
QT-Interval	Arking:NG:2014	rs9489510	6	119043898	G	A	0.310	0.610	0.110	0.000000014	SLC35F1-PLN	0	0	1
QT-Interval	Arking:NG:2014	rs9920	7	116200092	C	T	0.093	0.790	0.140	0.000000026	CAV1	0	0	1
QT-Interval	Arking:NG:2014	rs2072413	7	150647969	T	C	0.266	-1.680	0.110	1.30E-49	KCNH2	0	0	1
QT-Interval	Arking:NG:2014	rs3807375	7	150667210	T	C	0.360	1.220	0.100	2.90E-33	KCNH2	0	0	1
QT-Interval	Arking:NG:2014	rs16936870	8	71189342	A	T	0.097	0.990	0.160	1.10E-09	NCOA2	1	0	1
QT-Interval	Arking:NG:2014	rs11779860	8	98850330	C	T	0.470	-0.610	0.100	1.70E-10	LAPTM4B	1	0	1
QT-Interval	Arking:NG:2014	rs1961102	8	103932845	T	C	0.331	0.570	0.100	3.40E-09	AZIN1	1	0	1
QT-Interval	Arking:NG:2014	rs2485376	10	104050006	A	G	0.391	-0.560	0.100	0.000000027	GBF1	1	0	1
QT-Interval	Arking:NG:2014	rs7122937	11	2486550	T	C	0.188	1.930	0.120	1.20E-54	KCNQ1	0	0	1
QT-Interval	Arking:NG:2014	rs2301696	11	2426984	G	C	0.404	-1.140	0.180	4.30E-10	KCNQ1	1	0	1
QT-Interval	Arking:NG:2014	rs2074238	11	2484803	T	C	0.053	-4.890	0.440	1.90E-28	KCNQ1	0	0	1
QT-Interval	Arking:NG:2014	rs174583	11	61609750	T	C	0.344	-0.570	0.090	8.20E-11	FADS2	1	0	1
QT-Interval	Arking:NG:2014	rs3026445	12	110723203	C	T	0.356	0.620	0.090	2.90E-12	ATP2A2	1	0	1
QT-Interval	Arking:NG:2014	rs728926	13	74513122	T	C	0.362	0.570	0.100	0.000000021	KLF12	0	0	1
QT-Interval	Arking:NG:2014	rs2273905	14	102974999	T	C	0.355	0.610	0.090	4.00E-11	ANKRD9	1	0	1
QT-Interval	Arking:NG:2014	rs3105593	15	50845018	T	C	0.446	0.660	0.100	3.10E-12	USP50-TRPM7	1	0	1
QT-Interval	Arking:NG:2014	rs1296720	16	3873642	C	A	0.197	0.830	0.130	3.60E-10	CREBBP	1	0	1
QT-Interval	Arking:NG:2014	rs735951	16	11693536	A	G	0.455	-1.150	0.100	2.30E-28	LITAF	0	0	1
QT-Interval	Arking:NG:2014	rs12444261	16	11734642	T	G	0.262	-0.790	0.110	2.10E-12	LITAF	0	0	1
QT-Interval	Arking:NG:2014	rs12930096	16	11670758	T	C	0.142	-1.220	0.170	2.90E-13	LITAF	0	0	1
QT-Interval	Arking:NG:2014	rs246185	16	14395432	C	T	0.335	0.720	0.100	2.60E-13	MKL2	1	0	1
QT-Interval	Arking:NG:2014	rs246196	16	58574253	C	T	0.259	-1.730	0.110	2.00E-57	CNOT1	0	0	1
QT-Interval	Arking:NG:2014	rs4784934	16	58459926	A	G	0.254	0.670	0.120	5.50E-09	CNOT1	1	0	1
QT-Interval	Arking:NG:2014	rs1052536	17	33331575	C	T	0.530	0.980	0.100	6.20E-25	LIG3	1	0	1
QT-Interval	Arking:NG:2014	rs9892651	17	64303793	C	T	0.429	-0.740	0.100	2.70E-14	PRKCA	0	0	1
QT-Interval	Arking:NG:2014	rs1396515	17	68430993	C	G	0.521	-0.980	0.090	2.00E-25	KCNJ2	0	0	1
QT-Interval	Arking:NG:2014	rs236586	17	68203546	G	A	0.466	0.640	0.100	6.00E-11	KCNJ2	1	0	1
QT-Interval	Arking:NG:2014	rs10775360	17	68325868	T	C	0.292	-0.760	0.110	1.10E-12	KCNJ2	0	0	1
QT-Interval	Arking:NG:2014	rs17763769	17	68560789	A	G	0.146	0.890	0.140	4.80E-11	KCNJ2	0	0	1
QT-Interval	Arking:NG:2014	rs1805128	21	35821680	T	C	0.010	7.420	0.850	2.00E-18	KCNE1	1	0	1
QT-Interval	Bihlmeyer:CircGenomicAndPrecisionMedicine:2018	rs1361754	1	205801872	G	A	0.511	0.470	0.080	1.20E-09	PM20D1	1	0	1
QT-Interval	Bihlmeyer:CircGenomicAndPrecisionMedicine:2018	rs55910611	2	220500412	A	G	0.006	-3.060	0.610	1.53E-07	SLC4A3	1	0	1
QT-Interval	Bihlmeyer:CircGenomicAndPrecisionMedicine:2018	rs1801725	3	122003757	T	G	0.126	-0.580	0.120	4.30E-08	CASR	1	0	1
QT-Interval	Bihlmeyer:CircGenomicAndPrecisionMedicine:2018	rs4934956	10	38814815	T	C	0.497	0.580	0.100	2.29E-10	ZNF37A	1	0	1
QT-Interval	Bihlmeyer:CircGenomicAndPrecisionMedicine:2018	rs17608766	17	45013271	C	T	0.123	0.720	0.120	2.83E-09	GOSR2	1	0	1
QT-Interval	Bihlmeyer:CircGenomicAndPrecisionMedicine:2018	rs709209	1	6278414	G	A	0.379	1.230	0.090	1.00E-48	RNF207	1	0	1
QT-Interval	Bihlmeyer:CircGenomicAndPrecisionMedicine:2018	rs1047640	2	174820750	C	T	0.120	0.600	0.120	3.00E-06	SP3	0	0	1
QT-Interval	Bihlmeyer:CircGenomicAndPrecisionMedicine:2018	rs72648998	2	179575511	T	C	0.054	1.000	0.180	3.00E-09	TTN-CCDC141	1	0	1
QT-Interval	Bihlmeyer:CircGenomicAndPrecisionMedicine:2018	rs192861441	2	201303848	A	G	0.004	-2.220	0.670	3.00E-04	SPATS2L	1	0	1
QT-Interval	Bihlmeyer:CircGenomicAndPrecisionMedicine:2018	rs2276853	3	47282303	G	A	0.411	-0.360	0.080	2.00E-05	C3ORF75	0	0	1
QT-Interval	Bihlmeyer:CircGenomicAndPrecisionMedicine:2018	rs7439869	4	95173779	T	C	0.378	0.410	0.080	8.00E-07	SMARCAD1	0	0	1
QT-Interval	Bihlmeyer:CircGenomicAndPrecisionMedicine:2018	rs1042391	6	16290761	T	A	0.551	-0.420	0.090	3.00E-06	GMPR	0	0	1
QT-Interval	Bihlmeyer:CircGenomicAndPrecisionMedicine:2018	rs1805123	7	150645534	G	T	0.214	-1.470	0.100	7.00E-51	KCNH2	1	0	1
QT-Interval	Bihlmeyer:CircGenomicAndPrecisionMedicine:2018	rs17831160	8	99045866	A	G	0.030	-0.640	0.240	3.00E-03	LAPTM4B	0	0	1
QT-Interval	Bihlmeyer:CircGenomicAndPrecisionMedicine:2018	rs143025416	8	104432659	A	G	0.001	4.900	1.550	2.00E-03	AZIN1	0	0	1
QT-Interval	Bihlmeyer:CircGenomicAndPrecisionMedicine:2018	rs143226354	10	104174986	T	C	0.000	14.180	4.660	4.00E-03	GBF1	0	0	1
QT-Interval	Bihlmeyer:CircGenomicAndPrecisionMedicine:2018	rs11068997	12	110383141	A	G	0.040	-0.940	0.210	4.00E-07	ATP2A2	0	0	1
QT-Interval	Bihlmeyer:CircGenomicAndPrecisionMedicine:2018	rs8042919	15	50878630	A	G	0.097	-0.570	0.140	4.00E-05	USP50-TRPM7	0	0	1
QT-Interval	Bihlmeyer:CircGenomicAndPrecisionMedicine:2018	rs143903106	16	3336067	T	G	0.001	4.100	1.460	5.00E-03	CREBBP	0	0	1
QT-Interval	Bihlmeyer:CircGenomicAndPrecisionMedicine:2018	rs12143842	1	162033890	T	C	0.240	3.180	0.100	3.00E-255	NOS1AP	1	0	1
QT-Interval	Bihlmeyer:CircGenomicAndPrecisionMedicine:2018	rs10919071	1	169099483	G	A	0.115	-1.370	0.130	3.00E-30	ATP1B1	0	0	1
QT-Interval	Bihlmeyer:CircGenomicAndPrecisionMedicine:2018	rs12053903	3	38593393	C	T	0.379	-0.880	0.090	1.00E-26	SCN5A-SCN10A	0	0	1
QT-Interval	Bihlmeyer:CircGenomicAndPrecisionMedicine:2018	rs7689609	4	72083374	C	T	0.212	0.640	0.120	4.00E-08	SLC4A4	0	0	1
QT-Interval	Bihlmeyer:CircGenomicAndPrecisionMedicine:2018	rs4835768	5	137441767	G	A	0.485	0.340	0.080	7.00E-05	GFRA3	0	0	1
QT-Interval	Bihlmeyer:CircGenomicAndPrecisionMedicine:2018	rs11153730	6	118667522	C	T	0.467	1.410	0.080	5.00E-74	SLC35F1-PLN	1	0	1
QT-Interval	Bihlmeyer:CircGenomicAndPrecisionMedicine:2018	rs3807989	7	116186241	A	G	0.429	0.540	0.080	4.00E-12	CAV1	1	0	1
QT-Interval	Bihlmeyer:CircGenomicAndPrecisionMedicine:2018	rs2926707	8	71164680	G	T	0.348	0.310	0.090	3.00E-04	NCOA2	0	0	1
QT-Interval	Bihlmeyer:CircGenomicAndPrecisionMedicine:2018	rs2074238	11	2484803	T	C	0.074	-3.580	0.160	8.00E-130	KCNQ1	1	0	1
QT-Interval	Bihlmeyer:CircGenomicAndPrecisionMedicine:2018	rs1535	11	61597972	G	A	0.325	-0.480	0.090	8.00E-10	FEN1-FADS2	0	0	1
QT-Interval	Bihlmeyer:CircGenomicAndPrecisionMedicine:2018	rs1886512	13	74520186	A	T	0.381	0.570	0.090	2.00E-10	KLF12	1	0	1
QT-Interval	Bihlmeyer:CircGenomicAndPrecisionMedicine:2018	rs11704	14	102808655	C	G	0.291	0.350	0.090	7.00E-05	ANKRD9	0	0	1
QT-Interval	Bihlmeyer:CircGenomicAndPrecisionMedicine:2018	rs8049607	16	11691753	T	C	0.503	1.050	0.080	8.00E-44	LITAF	1	0	1
QT-Interval	Bihlmeyer:CircGenomicAndPrecisionMedicine:2018	rs30208	16	14428853	T	C	0.501	0.450	0.080	2.00E-09	MKL2	0	0	1
QT-Interval	Bihlmeyer:CircGenomicAndPrecisionMedicine:2018	rs7188697	16	58622178	G	A	0.247	-1.570	0.100	4.00E-63	CNOT1	1	0	1
QT-Interval	Bihlmeyer:CircGenomicAndPrecisionMedicine:2018	rs9912468	17	64318357	G	C	0.417	-0.680	0.080	2.00E-15	PRKCA	1	0	1
QT-Interval	Bihlmeyer:CircGenomicAndPrecisionMedicine:2018	rs17779747	17	68494992	T	G	0.304	-1.080	0.090	3.00E-37	KCNJ2	1	0	1
QT-Interval	Bihlmeyer:CircGenomicAndPrecisionMedicine:2018	rs727957	21	35880072	T	G	0.168	0.480	0.110	3.00E-05	KCNE1	1	0	1
Sokolow-Lyon	Harst:JACC:2016	rs3731754	2	179368916	G	C	0.186	-44.140	5.830	3.81E-14	TTN,CCDC141	1	0	1
Sokolow-Lyon	Harst:JACC:2016	rs10937226	3	185302885	A	G	0.325	-26.170	4.540	8.21E-09	SENP2	1	0	1
Sokolow-Lyon	Harst:JACC:2016	rs1015150	6	41659304	T	C	0.445	-26.280	4.330	1.28E-09	TFEB	1	0	1
Sokolow-Lyon	Harst:JACC:2016	rs11153730	6	118667522	T	C	0.515	-25.960	4.290	1.50E-09	SLC35F1,PLN,CEP85L	1	0	1
Sokolow-Lyon	Harst:JACC:2016	rs4367519	8	124666429	T	C	0.046	-73.760	11.180	4.15E-11	KLHL38,FBXO32	1	0	1
Sokolow-Lyon	Harst:JACC:2016	rs4114992	10	75566829	G	A	0.134	39.970	5.980	2.39E-11	SEC24C,SYNPO2L,CAMK2G,ZSWIM8	1	0	1
Sokolow-Lyon	Harst:JACC:2016	rs7918405	10	114505465	A	G	0.256	35.270	5.000	1.68E-12	VTI1A	1	0	1
Sokolow-Lyon	Harst:JACC:2016	rs2926743	12	57114100	A	G	0.268	-30.540	5.000	9.72E-10	NACA,RBMS2,BAZ2A	1	0	1
Sokolow-Lyon	Harst:JACC:2016	rs1896312	12	115346424	C	T	0.302	-41.310	4.890	3.11E-17	TBX3	1	0	1
Sokolow-Lyon	Harst:JACC:2016	rs3803405	15	85383640	A	G	0.257	-34.610	5.460	2.27E-10	ALPK3,ZNF592,ADAMTSL3	1	0	1
Sokolow-Lyon	Harst:JACC:2016	rs6598541	15	99271135	A	G	0.345	-34.520	4.590	5.39E-14	IGF1R	1	0	1
Sokolow-Lyon	Harst:JACC:2016	rs1635291	17	43751913	G	A	0.266	-32.220	4.970	8.78E-11	MAPT,KANSL1	1	0	1
Sokolow-Lyon	Harst:JACC:2016	rs9912468	17	64318357	G	C	0.469	32.050	4.600	3.11E-12	PRKCA	1	0	1
ST-Wave	Verweij:HMG:2016	rs12145374	1	112480536	A	C	0.760	0.200	0.020	2.20E-20	FAM212B,KCND3	1	0	1
ST-Wave	Verweij:HMG:2016	rs545833	1	168689940	T	C	0.260	-0.070	0.010	3.60E-07	DPT	0	0	1
ST-Wave	Verweij:HMG:2016	rs7756236	6	36627053	A	G	0.760	-0.070	0.010	7.40E-07	CDKN1A	1	0	1
ST-Wave	Verweij:HMG:2016	rs9388451	6	126090377	T	C	0.520	-0.070	0.010	4.30E-09	HEY2	1	0	1
ST-Wave	Verweij:HMG:2016	rs2286582	12	4881775	T	C	0.400	0.070	0.010	2.40E-09	GALNT8	1	0	1
ST-Wave	Verweij:HMG:2016	rs7174918	15	99251356	T	C	0.290	-0.090	0.010	1.00E-09	IGF1R	0	0	1
ST-Wave	Verweij:HMG:2016	rs735951	16	11693536	A	G	0.470	0.080	0.020	7.20E-07	LITAF	1	0	1
ST-Wave	Verweij:HMG:2016	rs4784939	16	58468211	T	C	0.360	-0.110	0.010	1.60E-21	GINS3	1	0	1
ST-Wave	Verweij:HMG:2016	rs11907908	20	47923614	T	C	0.070	-0.120	0.020	5.50E-07	ZNFX1	0	0	1
ST-Wave	Verweij:HMG:2016	rs12145374	1	112480536	A	C	0.760	0.200	0.020	1.30E-19	FAM212B,KCND3	1	0	-1
ST-Wave	Verweij:HMG:2016	rs10908505	1	156468243	A	T	0.660	0.060	0.010	3.10E-07	MEF2D	1	0	-1
ST-Wave	Verweij:HMG:2016	rs511187	1	168695027	A	G	0.720	0.100	0.020	5.70E-11	DPT	1	0	-1
ST-Wave	Verweij:HMG:2016	rs6801957	3	38767315	T	C	0.430	0.120	0.010	2.10E-20	SCN5A,ACVR2B,SCN10A	1	0	-1
ST-Wave	Verweij:HMG:2016	rs210966	6	117624598	C	G	0.280	0.110	0.020	2.20E-11	VGLL2,ROS1	1	0	-1
ST-Wave	Verweij:HMG:2016	rs1458942	8	9406602	A	G	0.600	-0.080	0.010	1.10E-09	TNKS,SGK223,XKR6,PPP1R3B	0	0	-1
ST-Wave	Verweij:HMG:2016	rs7011924	8	11780593	A	G	0.400	-0.080	0.010	2.50E-10	DEFB136,NEIL2	1	0	-1
ST-Wave	Verweij:HMG:2016	rs735951	16	11693536	A	G	0.470	0.110	0.020	1.40E-10	LITAF	1	0	-1
ST-Wave	Verweij:HMG:2016	rs8057901	16	58470427	A	G	0.630	0.100	0.010	2.00E-16	NDRG4	0	0	-1
ST-Wave	Verweij:HMG:2016	rs8083566	18	26111000	A	C	0.070	-0.140	0.020	1.70E-09	CDH2	1	0	-1
ST-Wave	Verweij:HMG:2016	rs6088738	20	33747331	A	G	0.210	-0.090	0.020	7.60E-08	EDEM2,PROCR	0	0	-1
ST-Wave	Verweij:HMG:2016	rs2202261	20	47970264	A	G	0.930	0.140	0.020	2.70E-10	KCNB1	0	0	-1
ST-Wave	Verweij:HMG:2016	rs12145374	1	112480536	A	C	0.760	0.130	0.020	9.20E-10	FAM212B,KCND3	1	0	1
ST-Wave	Verweij:HMG:2016	rs511187	1	168695027	A	G	0.720	0.080	0.020	1.40E-07	DPT	1	0	1
ST-Wave	Verweij:HMG:2016	rs4076737	3	38764782	T	G	0.570	-0.100	0.010	4.40E-16	SCN10A	0	0	1
ST-Wave	Verweij:HMG:2016	rs172409	6	117624768	A	C	0.540	-0.060	0.010	6.90E-08	ROS1	0	0	1
ST-Wave	Verweij:HMG:2016	rs7011924	8	11780593	A	G	0.400	-0.090	0.010	6.20E-13	DEFB136,NEIL2	1	0	1
ST-Wave	Verweij:HMG:2016	rs8057901	16	58470427	A	G	0.630	0.090	0.010	3.20E-12	NDRG4	0	0	1
ST-Wave	Verweij:HMG:2016	rs8083566	18	26111000	A	C	0.070	-0.130	0.020	2.70E-08	CDH2	1	0	1
ST-Wave	Verweij:HMG:2016	rs6087666	20	33640242	A	G	0.200	-0.090	0.010	5.00E-10	MYH7B,NCOA6,TRPC4AP	1	0	1
ST-Wave	Verweij:HMG:2016	rs2202261	20	47970264	A	G	0.930	0.120	0.020	2.20E-07	KCNB1	0	0	1
ST-Wave	Verweij:HMG:2016	rs12145374	1	112480536	A	C	0.760	0.210	0.020	1.70E-22	FAM212B,KCND3	1	0	1
ST-Wave	Verweij:HMG:2016	rs511187	1	168695027	A	G	0.720	0.110	0.020	1.20E-12	DPT	1	0	1
ST-Wave	Verweij:HMG:2016	rs6801957	3	38767315	T	C	0.430	0.090	0.010	1.70E-12	SCN5A,ACVR2B,SCN10A	1	0	1
ST-Wave	Verweij:HMG:2016	rs210966	6	117624598	C	G	0.280	0.090	0.020	8.10E-09	VGLL2,ROS1	1	0	1
ST-Wave	Verweij:HMG:2016	rs735951	16	11693536	A	G	0.470	0.100	0.020	2.00E-09	LITAF	1	0	1
ST-Wave	Verweij:HMG:2016	rs4784938	16	58467853	A	G	0.740	0.110	0.010	2.40E-13	GINS3	0	0	1
ST-Wave	Verweij:HMG:2016	rs8083566	18	26111000	A	C	0.070	-0.110	0.020	9.40E-07	CDH2	1	0	1
ST-Wave	Verweij:HMG:2016	rs11673003	19	49571957	A	G	0.900	-0.120	0.020	7.10E-07	HRC,GYS1,KCNA7,NTF4	1	0	1
ST-Wave	Verweij:HMG:2016	rs6019750	20	47947469	C	G	0.930	0.150	0.020	2.40E-11	STAU1,KCNB1	1	0	1
ST-Wave	Verweij:HMG:2016	rs2298632	1	23710475	T	C	0.470	-0.130	0.020	3.30E-08	LUZP1,TCEA3	1	0	1
ST-Wave	Verweij:HMG:2016	rs12145374	1	112480536	A	C	0.760	0.130	0.020	8.20E-09	FAM212B,KCND3	1	0	1
ST-Wave	Verweij:HMG:2016	rs7576036	2	61859645	T	C	0.540	0.090	0.010	9.50E-10	XPO1	1	0	1
ST-Wave	Verweij:HMG:2016	rs7638909	3	38594973	T	G	0.760	-0.080	0.020	9.30E-07	SCN5A,ACVR2B	1	0	1
ST-Wave	Verweij:HMG:2016	rs7953399	12	4862631	A	G	0.610	-0.060	0.010	8.70E-07	GALNT8	0	0	1
ST-Wave	Verweij:HMG:2016	rs3803476	15	99256570	A	G	0.370	-0.090	0.010	3.80E-14	IGF1R	1	0	1
ST-Wave	Verweij:HMG:2016	rs4784939	16	58468211	T	C	0.360	-0.120	0.010	6.80E-22	GINS3	1	0	1
T-Wave	Verweij:HMG:2016	rs260505	1	2194015	A	C	0.490	0.060	0.010	1.60E-07	SKI	1	0	1
T-Wave	Verweij:HMG:2016	rs12567315	1	162166646	A	G	0.190	-0.090	0.020	2.70E-08	NOS1AP	1	0	1
T-Wave	Verweij:HMG:2016	rs7633988	3	38723217	A	T	0.710	0.140	0.020	7.60E-09	SCN10A	0	0	1
T-Wave	Verweij:HMG:2016	rs9388451	6	126090377	T	C	0.520	-0.070	0.010	2.90E-09	HEY2	1	0	1
T-Wave	Verweij:HMG:2016	rs4784939	16	58468211	T	C	0.360	-0.070	0.010	1.10E-08	GINS3	1	0	1
T-Wave	Verweij:HMG:2016	rs2207792	1	61894709	A	G	0.660	0.070	0.010	1.10E-07	NFIA	1	0	-1
T-Wave	Verweij:HMG:2016	rs1866666	2	198940607	T	C	0.490	0.060	0.010	1.20E-07	PLCL1,MOB4	1	0	-1
T-Wave	Verweij:HMG:2016	rs4684185	3	14272914	T	C	0.350	0.070	0.010	7.00E-08	TMEM43,LSM3	1	0	-1
T-Wave	Verweij:HMG:2016	rs4076737	3	38764782	T	G	0.570	-0.090	0.010	2.50E-14	SCN10A	1	0	-1
T-Wave	Verweij:HMG:2016	rs10842350	12	24599578	A	G	0.540	-0.090	0.010	2.40E-14	SOX5	1	0	-1
T-Wave	Verweij:HMG:2016	rs728926	13	74513122	T	C	0.380	-0.060	0.010	1.00E-07	KLF12	1	0	-1
T-Wave	Verweij:HMG:2016	rs7192150	16	995894	A	G	0.400	-0.060	0.010	3.70E-07	SOX8,LMF1	1	0	-1
T-Wave	Verweij:HMG:2016	rs7191330	16	11692658	T	C	0.460	0.120	0.020	2.60E-07	LITAF	1	0	-1
T-Wave	Verweij:HMG:2016	rs8057901	16	58470427	A	G	0.630	0.070	0.010	2.20E-08	NDRG4	0	0	-1
T-Wave	Verweij:HMG:2016	rs2207792	1	61894709	A	G	0.660	0.070	0.010	4.20E-08	NFIA	1	0	1
T-Wave	Verweij:HMG:2016	rs4657178	1	162210610	T	C	0.240	-0.070	0.010	8.60E-08	NOS1AP	0	0	1
T-Wave	Verweij:HMG:2016	rs9851710	3	38719901	A	C	0.660	0.130	0.020	5.90E-11	SCN5A,ACVR2B,SCN10A	1	0	1
T-Wave	Verweij:HMG:2016	rs9940062	16	58471219	T	G	0.680	0.120	0.020	2.00E-07	NDRG4	0	0	1
T-Wave	Verweij:HMG:2016	rs6783110	3	38752935	A	G	0.420	0.090	0.010	1.70E-11	SCN10A	0	0	1
T-Wave	Verweij:HMG:2016	rs10842350	12	24599578	A	G	0.540	-0.100	0.010	3.10E-16	SOX5	1	0	1
T-Wave	Verweij:HMG:2016	rs728926	13	74513122	T	C	0.380	-0.060	0.010	9.00E-08	KLF12	1	0	1
T-Wave	Verweij:HMG:2016	rs2072944	1	23405872	T	C	0.550	0.060	0.010	4.10E-07	LUZP1,KDM1A,WNT4	1	0	1
T-Wave	Verweij:HMG:2016	rs10850409	12	115381740	A	G	0.270	0.070	0.010	1.70E-07	TBX3	1	0	1
T-Wave	Verweij:HMG:2016	rs3803476	15	99256570	A	G	0.370	-0.070	0.010	8.40E-09	IGF1R	1	0	1
T-Wave	Verweij:HMG:2016	rs4784939	16	58468211	T	C	0.360	-0.080	0.010	1.10E-11	GINS3	1	0	1
AF	Christophersen:NG:2017	rs11264280	1	154862952	T	C	0.310	0.113	0.014	6.41E-17	KCNN3	0	0	1
AF	Christophersen:NG:2017	rs520525	1	170638333	A	G	0.710	0.113	0.014	6.39E-16	PRRX1	0	0	1
AF	Christophersen:NG:2017	rs11718898	3	12848822	C	T	0.650	0.077	0.014	4.68E-08	CAND2	0	0	1
AF	Christophersen:NG:2017	rs6843082	4	111718067	G	A	0.250	0.372	0.014	3.41E-155	PITX2	0	0	1
AF	Christophersen:NG:2017	rs12664873	6	122463191	T	G	0.700	0.077	0.013	1.19E-08	GJA1	0	0	1
AF	Christophersen:NG:2017	rs1997572	7	116198828	G	A	0.590	0.095	0.012	6.64E-15	CAV1/2	0	0	1
AF	Christophersen:NG:2017	rs7026071	9	97492520	T	C	0.400	0.086	0.012	1.31E-12	C9orf3	0	0	1
AF	Christophersen:NG:2017	rs7915134	10	75420180	C	T	0.850	0.113	0.018	1.68E-10	SYNPO2L	0	0	1
AF	Christophersen:NG:2017	rs11598047	10	105342672	G	A	0.160	0.166	0.017	1.67E-22	NEURL1	0	0	1
AF	Christophersen:NG:2017	rs883079	12	114793240	T	C	0.700	0.104	0.013	1.80E-15	TBX5	0	0	1
AF	Christophersen:NG:2017	rs1152591	14	64680848	A	G	0.460	0.086	0.013	1.04E-10	SYNE2	0	0	1
AF	Christophersen:NG:2017	rs74022964	15	73677264	T	C	0.170	0.113	0.017	2.37E-11	HCN4	0	0	1
AF	Christophersen:NG:2017	rs2106261	16	73051620	T	C	0.190	0.182	0.016	8.18E-32	ZFHX3	0	0	1
AF	Christophersen:NG:2017	rs72700118	1	170194823	A	C	0.120	0.131	0.020	2.60E-11	METTL11B–KIFAP3	0	0	1
AF	Christophersen:NG:2017	rs3771537	2	70038792	A	C	0.530	0.086	0.013	7.92E-12	ANXA4–GMCL1	0	0	1
AF	Christophersen:NG:2017	rs2540949	2	65284231	A	T	0.610	0.077	0.012	2.93E-10	CEP68	0	0	1
AF	Christophersen:NG:2017	rs2288327	2	179411665	G	A	0.200	0.086	0.015	2.05E-08	TTN–TTN-AS1	0	0	1
AF	Christophersen:NG:2017	rs337711	5	113748571	T	C	0.390	0.068	0.012	2.93E-08	KCNN2	0	0	1
AF	Christophersen:NG:2017	rs2967791	5	137013106	T	C	0.540	0.068	0.012	2.73E-08	KLHL3–WNT8A	0	0	1
AF	Christophersen:NG:2017	rs4946333	6	118565665	G	A	0.500	0.077	0.013	1.89E-09	SLC35F1–PLN	0	0	1
AF	Christophersen:NG:2017	rs7508	8	17913970	A	G	0.720	0.086	0.014	5.16E-10	ASAH1–PCM1	0	0	1
AF	Christophersen:NG:2017	rs35176054	10	105480387	A	T	0.130	0.131	0.019	8.63E-12	SH3PXD2A	1	0	1
AF	Christophersen:NG:2017	rs75190942	11	128764571	A	C 	0.080	0.157	0.028	1.59E-08	KCNJ5	0	0	1
AF	Low:NG:2017	rs17461925	1	203026591	A	G	0.798	0.182	0.021	8.69E-18	PPFIA4	0	0	1
AF	Low:NG:2017	rs2540953	2	65272362	G	A	0.648	0.143	0.018	2.06E-15	SLC1A4–CEP68	0	0	1
AF	Low:NG:2017	rs7698692	4	174604104	A	G	0.506	0.157	0.016	1.21E-21	HAND2	1	0	1
AF	Low:NG:2017	rs2296610	10	21157621	T	G	0.125	0.183	0.024	1.51E-14	NEBL	1	0	1
AF	Low:NG:2017	rs2047036	10	105477163	G	A	0.258	0.150	0.018	4.04E-16	SH3PXD2A	0	1	1
AF	Low:NG:2017	rs12044963	1	112392360	A	C	0.499	0.131	0.017	2.52E-15	KCND3	0	1	1
AF	Nielsen:NG:2018	rs284277	1	10790797	C	A	0.383	0.039	0.006	1.25E-09	CASZ1	1	0	1
AF	Nielsen:NG:2018	rs7529220	1	22282619	C	T	0.847	0.058	0.009	1.98E-10	EIF4G3,HSPG2	1	0	1
AF	Nielsen:NG:2018	rs2885697	1	41544279	G	T	0.352	0.039	0.006	2.88E-10	SCMH1	1	0	1
AF	Nielsen:NG:2018	rs11590635	1	49309764	A	G	0.024	0.148	0.025	4.12E-09	AGBL4	0	0	1
AF	Nielsen:NG:2018	rs146518726	1	51535039	A	G	0.033	0.157	0.020	8.27E-15	AGBL4	1	0	1
AF	Nielsen:NG:2018	rs1545300	1	112464004	C	T	0.691	0.058	0.008	1.48E-14	KCND3	1	0	1
AF	Nielsen:NG:2018	rs4073778	1	116297758	A	C	0.564	0.049	0.007	4.96E-13	CASQ2	0	0	1
AF	Nielsen:NG:2018	rs79187193	1	147255831	G	A	0.943	0.113	0.015	3.15E-14	NBPF10-GJA5	1	0	1
AF	Nielsen:NG:2018	rs11264280	1	154862952	T	C	0.333	0.131	0.007	3.07E-79	KCNN3	1	0	1
AF	Nielsen:NG:2018	rs72700114	1	170193825	C	G	0.076	0.199	0.013	3.29E-54	DPT	1	0	1
AF	Nielsen:NG:2018	rs10753933	1	203026214	T	G	0.448	0.058	0.006	9.84E-20	PPFIA4	0	0	1
AF	Nielsen:NG:2018	rs4951258	1	205691316	A	G	0.416	0.039	0.007	2.10E-08	NUCKS1,SLC41A1	0	0	1
AF	Nielsen:NG:2018	rs7578393	2	26165528	T	C	0.796	0.058	0.008	2.42E-12	KIF3C	0	0	1
AF	Nielsen:NG:2018	rs11125871	2	61470126	C	T	0.605	0.039	0.007	6.42E-09	USP34	0	0	1
AF	Nielsen:NG:2018	rs2540949	2	65284231	A	T	0.615	0.068	0.007	2.95E-22	CEP68	0	0	1
AF	Nielsen:NG:2018	rs6747542	2	70106832	T	C	0.536	0.058	0.007	1.10E-16	GMCL1,ANXA4	0	0	1
AF	Nielsen:NG:2018	rs72926475	2	86594487	G	A	0.877	0.068	0.010	2.37E-11	RETSAT	1	0	1
AF	Nielsen:NG:2018	rs28387148	2	127433465	T	C	0.105	0.077	0.012	6.25E-11	GYPC	1	0	1
AF	Nielsen:NG:2018	rs67969609	2	145760353	G	C	0.071	0.068	0.012	1.71E-08	TEX41	1	0	1
AF	Nielsen:NG:2018	rs56181519	2	175555714	C	T	0.732	0.068	0.008	6.46E-18	SP3,WIPF1	0	0	1
AF	Nielsen:NG:2018	rs2288327	2	179411665	G	A	0.156	0.095	0.009	7.26E-25	TTN	0	0	1
AF	Nielsen:NG:2018	rs3820888	2	201180023	C	T	0.392	0.068	0.007	5.75E-24	SPATS2L	1	0	1
AF	Nielsen:NG:2018	rs35544454	2	213266003	A	T	0.808	0.058	0.009	1.10E-11	ERBB4	1	0	1
AF	Nielsen:NG:2018	rs7650482	3	12841804	G	A	0.640	0.068	0.007	1.79E-24	CAND2	1	0	1
AF	Nielsen:NG:2018	rs73041705	3	24463235	T	C	0.702	0.049	0.008	1.55E-09	THRB	1	0	1
AF	Nielsen:NG:2018	rs6790396	3	38771925	G	C	0.596	0.058	0.006	2.40E-20	SCN10A,SCN5A	1	0	1
AF	Nielsen:NG:2018	rs34080181	3	66454191	G	A	0.621	0.049	0.008	1.28E-10	LRIG1,SLC25A26	0	0	1
AF	Nielsen:NG:2018	rs17005647	3	69406181	T	C	0.364	0.039	0.007	2.70E-09	FRMD4B	1	0	1
AF	Nielsen:NG:2018	rs6771054	3	89489529	T	C	0.596	0.049	0.007	2.42E-11	EPHA3	1	0	1
AF	Nielsen:NG:2018	rs10804493	3	111554426	A	G	0.651	0.058	0.007	1.63E-15	PHLDB2,PLCXD2	1	0	1
AF	Nielsen:NG:2018	rs1278493	3	135814009	G	A	0.436	0.039	0.007	8.77E-09	PPP2R3A	1	0	1
AF	Nielsen:NG:2018	rs7612445	3	179172979	T	G	0.188	0.049	0.008	4.81E-09	GNB4	0	0	1
AF	Nielsen:NG:2018	rs60902112	3	194800853	T	C	0.226	0.049	0.009	1.72E-08	XXYLT1	1	0	1
AF	Nielsen:NG:2018	rs1458038	4	81164723	T	C	0.309	0.039	0.007	1.74E-09	LINC01088	1	0	1
AF	Nielsen:NG:2018	rs10006327	4	103890980	C	T	0.490	0.039	0.007	4.42E-08	SLC9B1	0	0	1
AF	Nielsen:NG:2018	rs67249485	4	111699685	T	A	0.199	0.365	NA	7.32E-443	COL25A1,PITX2	1	0	1
AF	Nielsen:NG:2018	rs6829664	4	114448656	G	A	0.262	0.058	0.008	1.92E-13	CAMK2D	1	0	1
AF	Nielsen:NG:2018	rs10213171	4	148937537	G	C	0.061	0.095	0.014	1.32E-11	ARHGAP10	0	0	1
AF	Nielsen:NG:2018	rs12648245	4	174641184	T	C	0.924	0.095	0.013	3.45E-13	GALNTL6,HAND2	1	0	1
AF	Nielsen:NG:2018	rs6596717	5	106427609	C	A	0.395	0.039	0.007	3.00E-09	LOC102467213	1	0	1
AF	Nielsen:NG:2018	rs337705	5	113737062	G	T	0.375	0.058	0.007	1.63E-16	KCNN2	1	0	1
AF	Nielsen:NG:2018	rs2012809	5	128190363	G	A	0.790	0.058	0.009	4.92E-10	PRRC1,SLC27A6	1	0	1
AF	Nielsen:NG:2018	rs2040862	5	137419989	T	C	0.178	0.104	0.008	1.08E-35	WNT8A-MYOT	1	0	1
AF	Nielsen:NG:2018	rs6580277	5	142818123	G	A	0.237	0.068	0.008	1.64E-17	NR3C1	1	0	1
AF	Nielsen:NG:2018	rs12188351	5	168386089	A	G	0.056	0.086	0.014	2.52E-09	SLIT3	1	0	1
AF	Nielsen:NG:2018	rs6891790	5	172670745	G	T	0.717	0.077	0.008	4.53E-22	STK10,NKX2-5	1	0	1
AF	Nielsen:NG:2018	rs73366713	6	16415751	G	A	0.860	0.104	0.010	1.53E-25	ATXN1	1	0	1
AF	Nielsen:NG:2018	rs34969716	6	18210109	A	G	0.305	0.068	0.007	1.60E-19	KDM1B,DEK	0	0	1
AF	Nielsen:NG:2018	rs3176326	6	36647289	G	A	0.802	0.058	0.008	1.42E-13	CDKN1A,PI16	1	0	1
AF	Nielsen:NG:2018	rs2031522	6	87821501	A	G	0.624	0.039	0.006	1.47E-10	HTR1E	1	0	1
AF	Nielsen:NG:2018	rs3951016	6	118559658	A	T	0.459	0.068	0.007	2.15E-22	SLC35F1,PLN	1	0	1
AF	Nielsen:NG:2018	rs13195459	6	122403559	G	A	0.638	0.058	0.007	4.15E-19	TBC1D32	0	0	1
AF	Nielsen:NG:2018	rs117984853	6	149399100	T	G	0.101	0.122	0.012	1.34E-24	UST	1	0	1
AF	Nielsen:NG:2018	rs55734480	7	14372009	A	G	0.249	0.058	0.008	2.20E-12	DGKB	1	0	1
AF	Nielsen:NG:2018	rs6462079	7	28415827	A	G	0.721	0.049	0.008	8.79E-10	CREB5	0	0	1
AF	Nielsen:NG:2018	rs35005436	7	74134911	C	T	0.155	0.058	0.009	3.34E-10	GTF2I-GTF2IRD2	1	0	1
AF	Nielsen:NG:2018	rs56201652	7	92278116	G	A	0.733	0.049	0.007	1.74E-12	CDK6	1	0	1
AF	Nielsen:NG:2018	rs11773845	7	116191301	A	C	0.586	0.104	0.007	2.39E-55	CAV1,CAV2	0	0	1
AF	Nielsen:NG:2018	rs55985730	7	128417044	G	T	0.060	0.086	0.015	5.24E-09	OPN1SW,CALU	1	0	1
AF	Nielsen:NG:2018	rs7789146	7	150661409	G	A	0.821	0.058	0.009	2.12E-11	KCNH2	1	0	1
AF	Nielsen:NG:2018	rs35620480	8	11499908	C	A	0.157	0.058	0.010	5.15E-09	RP1L1	1	0	1
AF	Nielsen:NG:2018	rs7508	8	17913970	A	G	0.711	0.068	0.007	1.69E-21	ASAH1	1	0	1
AF	Nielsen:NG:2018	rs7834729	8	21821778	G	T	0.885	0.068	0.011	3.55E-10	XPO7	0	0	1
AF	Nielsen:NG:2018	rs62521286	8	124551975	G	A	0.066	0.122	0.014	4.50E-19	FBXO32	1	0	1
AF	Nielsen:NG:2018	rs6994744	8	141740868	C	A	0.495	0.039	0.006	1.10E-09	PTK2	0	0	1
AF	Nielsen:NG:2018	rs10821415	9	97713459	A	C	0.413	0.086	0.007	2.92E-34	C9orf3	0	0	1
AF	Nielsen:NG:2018	rs2274115	9	139094773	G	A	0.700	0.049	0.008	1.69E-10	LHX3	1	0	1
AF	Nielsen:NG:2018	rs12245149	10	65321147	C	A	0.526	0.049	0.007	1.66E-12	REEP3,NRBF2	0	0	1
AF	Nielsen:NG:2018	rs7096385	10	69664881	T	C	0.092	0.068	0.012	4.87E-08	SIRT1,MYPN	1	0	1
AF	Nielsen:NG:2018	rs60212594	10	75414344	G	C	0.856	0.113	0.009	9.20E-35	SYNPO2L-MYOZ1	1	0	1
AF	Nielsen:NG:2018	rs10458660	10	77936576	G	A	0.173	0.058	0.009	6.78E-10	C10orf11	0	0	1
AF	Nielsen:NG:2018	rs11598047	10	105342672	G	A	0.162	0.157	0.009	8.95E-66	NEURL1	1	0	1
AF	Nielsen:NG:2018	rs10749053	10	112576695	T	C	0.158	0.058	0.010	1.05E-08	RBM20	1	0	1
AF	Nielsen:NG:2018	rs10741807	11	20011445	T	C	0.245	0.077	0.008	1.59E-20	NAV2	1	0	1
AF	Nielsen:NG:2018	rs4935786	11	121661507	T	A	0.267	0.049	0.008	4.85E-09	GRIK4	0	0	1
AF	Nielsen:NG:2018	rs76097649	11	128764570	A	G	0.093	0.113	0.012	1.26E-20	KCNJ5	1	0	1
AF	Nielsen:NG:2018	rs4963776	12	24779491	G	T	0.818	0.095	0.009	1.84E-25	SOX5	0	0	1
AF	Nielsen:NG:2018	rs17380837	12	26345526	C	T	0.693	0.049	0.007	4.80E-12	SSPN	1	0	1
AF	Nielsen:NG:2018	rs12809354	12	32978437	C	T	0.144	0.068	0.009	2.89E-14	PKP2	0	0	1
AF	Nielsen:NG:2018	rs2860482	12	57105938	A	C	0.274	0.058	0.008	1.21E-12	NACA	1	0	1
AF	Nielsen:NG:2018	rs71454237	12	70013415	G	A	0.791	0.058	0.008	1.78E-13	RAP1B	1	0	1
AF	Nielsen:NG:2018	rs12426679	12	76237987	C	T	0.472	0.039	0.007	4.95E-09	KCNC2,PHLDA1	0	0	1
AF	Nielsen:NG:2018	rs883079	12	114793240	T	C	0.707	0.095	0.007	2.84E-40	TBX5	0	0	1
AF	Nielsen:NG:2018	rs10773657	12	123327900	C	A	0.138	0.058	0.010	2.54E-08	HIP1R	1	0	1
AF	Nielsen:NG:2018	rs6560886	12	133150210	C	T	0.788	0.049	0.009	1.49E-08	FBRSL1	1	0	1
AF	Nielsen:NG:2018	rs9506925	13	23368943	T	C	0.267	0.049	0.008	2.72E-09	LINC00424,SGCG	0	0	1
AF	Nielsen:NG:2018	rs35569628	13	113872712	T	C	0.777	0.049	0.009	1.38E-08	CUL4A	1	0	1
AF	Nielsen:NG:2018	rs422068	14	23864804	C	T	0.349	0.039	0.006	3.87E-10	MYH6,MYH7	0	0	1
AF	Nielsen:NG:2018	rs11156751	14	32990437	C	T	0.285	0.068	0.007	6.94E-21	AKAP6,NPAS3	0	0	1
AF	Nielsen:NG:2018	rs73241997	14	35173775	T	C	0.142	0.077	0.010	2.94E-15	NPAS3,CFL2	1	0	1
AF	Nielsen:NG:2018	rs2738413	14	64679960	A	G	0.495	0.077	0.007	2.55E-31	SYNE2-MTHFD1	1	0	1
AF	Nielsen:NG:2018	rs74884082	14	73249419	C	T	0.750	0.049	0.008	3.48E-10	DPF3	1	0	1
AF	Nielsen:NG:2018	rs10873298	14	77426525	C	T	0.366	0.039	0.007	7.07E-09	TGFB3,IRF2BPL,TTLL5	0	0	1
AF	Nielsen:NG:2018	rs147301839	15	57924714	C	A	0.007	0.329	0.052	1.93E-10	GCOM1/MYZAP	1	0	1
AF	Nielsen:NG:2018	rs7170477	15	64103777	A	G	0.304	0.039	0.007	4.98E-08	HERC1	0	0	1
AF	Nielsen:NG:2018	rs74022964	15	73677264	T	C	0.157	0.113	0.009	3.51E-36	GRAMD2	1	0	1
AF	Nielsen:NG:2018	rs12908004	15	80676925	G	A	0.164	0.077	0.009	4.12E-16	TMED3	1	0	1
AF	Nielsen:NG:2018	rs4965430	15	99268850	C	G	0.386	0.049	0.008	1.26E-10	IGF1R	0	0	1
AF	Nielsen:NG:2018	rs140185678	16	2003016	A	G	0.035	0.166	0.022	2.43E-14	RPL3L	1	0	1
AF	Nielsen:NG:2018	rs2359171	16	73053022	A	T	0.176	0.174	0.009	4.65E-91	ZFHX3	0	0	1
AF	Nielsen:NG:2018	rs7225165	17	1309850	G	A	0.887	0.068	0.011	3.20E-09	VPS53,CRK,MYO1C	1	0	1
AF	Nielsen:NG:2018	rs9899183	17	7452977	T	C	0.714	0.049	0.008	2.02E-09	TNFSF12-SOX15	0	0	1
AF	Nielsen:NG:2018	rs72811294	17	12618680	G	C	0.887	0.068	0.010	9.67E-12	MYOCD	1	0	1
AF	Nielsen:NG:2018	rs11658278	17	38031164	T	C	0.479	0.049	0.007	3.47E-11	ZPBP2,GSDMB,ORMDL3	1	0	1
AF	Nielsen:NG:2018	rs1563304	17	44874453	T	C	0.178	0.068	0.010	2.56E-12	WNT3	1	0	1
AF	Nielsen:NG:2018	rs12604076	17	76773638	T	C	0.478	0.039	0.007	3.63E-08	CYTH1,USP36	1	0	1
AF	Nielsen:NG:2018	rs9953366	18	46474192	C	T	0.663	0.049	0.007	1.82E-11	SMAD7	1	0	1
AF	Nielsen:NG:2018	rs8088085	18	48708548	A	C	0.535	0.039	0.007	4.79E-08	MEX3C	1	0	1
AF	Nielsen:NG:2018	rs2834618	21	36119111	T	G	0.894	0.095	0.011	3.41E-17	CLIC6	0	0	1
AF	Nielsen:NG:2018	rs464901	22	18597502	T	C	0.665	0.049	0.007	1.53E-12	TUBA8	1	0	1
AF	Nielsen:NG:2018	rs133902	22	26164079	T	C	0.427	0.039	0.006	9.14E-10	MYO18B	1	0	1
AF	Roselli:NG:2018	rs187585530	1	10167425	A	G	0.530	0.438	0.068	1.18E-10	UBE4B	1	0	1
AF	Roselli:NG:2018	rs880315	1	10796866	C	T	0.370	0.039	0.007	5.04E-09	CASZ1	0	0	1
AF	Roselli:NG:2018	rs146518726	1	51535039	A	G	0.300	0.166	0.026	2.05E-10	C1orf185	0	0	1
AF	Roselli:NG:2018	rs4484922	1	116310818	G	C	0.680	0.068	0.008	4.57E-16	CASQ2	1	0	1
AF	Roselli:NG:2018	rs79187193	1	147255831	G	A	0.950	0.113	0.018	8.07E-10	GJA5	0	0	1
AF	Roselli:NG:2018	rs11264280	1	154862952	T	C	0.310	0.131	0.008	4.60E-59	KCNN3,PMVK	0	0	1
AF	Roselli:NG:2018	rs72700114	1	170193825	C	G	0.700	0.199	0.014	7.32E-48	METTL11B,LINC01142	0	0	1
AF	Roselli:NG:2018	rs608930	1	170617306	G	T	0.440	0.095	0.007	1.94E-42	GORAB,PRRX1	1	0	1
AF	Roselli:NG:2018	rs10753933	1	203026214	T	G	0.480	0.077	0.007	5.83E-25	PPFIA4	1	0	1
AF	Roselli:NG:2018	rs4951261	1	205717823	C	A	0.380	0.049	0.008	1.17E-09	NUCKS1	1	0	1
AF	Roselli:NG:2018	rs6546620	2	26159940	C	T	0.750	0.068	0.009	2.96E-14	KIF3C	1	0	1
AF	Roselli:NG:2018	rs6742276	2	61768745	A	G	0.610	0.049	0.007	2.42E-11	XPO1	1	0	1
AF	Roselli:NG:2018	rs2540949	2	65284231	A	T	0.620	0.077	0.007	8.17E-25	CEP68	1	0	1
AF	Roselli:NG:2018	rs10165883	2	70117015	C	T	0.540	0.068	0.008	5.83E-19	SNRNP27	1	0	1
AF	Roselli:NG:2018	rs72926475	2	86594487	G	A	0.870	0.068	0.011	3.49E-10	REEP1,KDM3A	0	0	1
AF	Roselli:NG:2018	rs12992412	2	148792665	T	A	0.380	0.039	0.007	2.30E-08	MBD5	1	0	1
AF	Roselli:NG:2018	rs56181519	2	175555714	C	T	0.740	0.077	0.009	1.52E-19	WIPF1,CHRNA1	1	0	1
AF	Roselli:NG:2018	rs35504893	2	179421294	T	C	0.250	0.086	0.008	6.89E-25	TTN	1	0	1
AF	Roselli:NG:2018	rs295114	2	201195602	C	T	0.600	0.068	0.007	1.76E-20	SPATS2L	0	0	1
AF	Roselli:NG:2018	rs6810325	3	12840934	C	T	0.630	0.077	0.008	5.24E-23	CAND2	0	0	1
AF	Roselli:NG:2018	rs73032363	3	24472866	A	G	0.700	0.039	0.007	3.59E-08	THRB	0	0	1
AF	Roselli:NG:2018	rs6790396	3	38771925	G	C	0.610	0.068	0.008	4.13E-18	SCN10A	0	0	1
AF	Roselli:NG:2018	rs2306272	3	66434643	C	T	0.320	0.049	0.007	4.54E-11	LRIG1	1	0	1
AF	Roselli:NG:2018	rs7632427	3	89534377	T	C	0.610	0.039	0.007	1.10E-08	EPHA3	0	0	1
AF	Roselli:NG:2018	rs17490701	3	111587879	G	A	0.860	0.068	0.010	5.43E-11	PHLDB2	0	0	1
AF	Roselli:NG:2018	rs4855075	3	179170494	T	C	0.140	0.058	0.010	4.00E-09	GNB4	1	0	1
AF	Roselli:NG:2018	rs9872035	3	196494702	C	T	0.450	0.039	0.007	1.80E-08	PAK2	1	0	1
AF	Roselli:NG:2018	rs3822259	4	10118745	T	G	0.680	0.049	0.008	1.93E-09	WDR1	1	0	1
AF	Roselli:NG:2018	rs3960788	4	103915618	C	T	0.420	0.049	0.007	2.09E-12	SLC9B1	1	0	1
AF	Roselli:NG:2018	rs2129977	4	111712432	A	G	0.260	0.399	NA	3.09e-525	PITX2,C4orf32	0	0	1
AF	Roselli:NG:2018	rs55754224	4	114428714	T	C	0.250	0.049	0.008	9.25E-09	CAMK2D	0	0	1
AF	Roselli:NG:2018	rs10213171	4	148937537	G	C	0.800	0.104	0.014	6.09E-14	ARHGAP10	1	0	1
AF	Roselli:NG:2018	rs10520260	4	174447349	A	G	0.690	0.058	0.009	8.98E-12	HAND2	1	0	1
AF	Roselli:NG:2018	rs716845	5	113736416	A	G	0.270	0.058	0.008	1.16E-13	KCNN2	0	0	1
AF	Roselli:NG:2018	rs34750263	5	137434172	T	C	0.310	0.086	0.008	2.89E-30	WNT8A,NME5	0	0	1
AF	Roselli:NG:2018	rs174048	5	142650404	C	T	0.160	0.068	0.010	1.05E-11	ARHGAP26,NR3C1	0	0	1
AF	Roselli:NG:2018	rs6882776	5	172664163	G	A	0.670	0.058	0.008	3.18E-14	NKX2-5	0	0	1
AF	Roselli:NG:2018	rs73366713	6	16415751	G	A	0.860	0.104	0.011	5.80E-21	ATXN1	0	0	1
AF	Roselli:NG:2018	rs34969716	6	18210109	A	G	0.310	0.086	0.008	2.91E-25	KDM1B	1	0	1
AF	Roselli:NG:2018	rs1307274	6	34240576	T	G	0.800	0.077	0.014	3.85E-08	C6orf1,NUDT3	1	0	1
AF	Roselli:NG:2018	rs3176326	6	36647289	G	A	0.800	0.058	0.009	7.95E-11	CDKN1A	0	0	1
AF	Roselli:NG:2018	rs6907805	6	87856003	G	T	0.510	0.039	0.007	1.10E-08	CGA,ZNF292	0	0	1
AF	Roselli:NG:2018	rs210632	6	117880342	A	G	0.250	0.049	0.009	2.75E-08	GOPC	1	0	1
AF	Roselli:NG:2018	rs17079881	6	118566187	G	A	0.140	0.086	0.011	4.23E-16	SLC35F1	0	0	1
AF	Roselli:NG:2018	rs13191450	6	122392136	A	C	0.660	0.068	0.007	8.92E-21	GJA1,HSF2	1	0	1
AF	Roselli:NG:2018	rs12208899	6	133474303	A	G	0.210	0.049	0.009	1.95E-08	LINC00326,EYA4	1	0	1
AF	Roselli:NG:2018	rs117984853	6	149399100	T	G	0.900	0.113	0.014	8.38E-17	UST	0	0	1
AF	Roselli:NG:2018	rs11768850	7	876227	T	C	0.420	0.039	0.007	4.96E-08	SUN1	1	0	1
AF	Roselli:NG:2018	rs55734480	7	14372009	A	G	0.270	0.049	0.008	7.34E-10	DGKB	0	0	1
AF	Roselli:NG:2018	rs6462078	7	28413187	A	C	0.750	0.058	0.009	1.35E-11	CREB5	1	0	1
AF	Roselli:NG:2018	rs74910854	7	74110705	G	A	0.700	0.095	0.016	3.36E-09	GTF2I	0	0	1
AF	Roselli:NG:2018	rs11773884	7	92285123	A	G	0.700	0.049	0.008	4.72E-09	CDK6	0	0	1
AF	Roselli:NG:2018	rs62483627	7	106856002	A	G	0.240	0.049	0.008	5.17E-09	COG5	1	0	1
AF	Roselli:NG:2018	rs11773845	7	116191301	A	C	0.590	0.113	0.007	4.61E-58	CAV1	1	0	1
AF	Roselli:NG:2018	rs55985730	7	128417044	G	T	0.600	0.095	0.017	1.81E-08	OPN1SW	0	0	1
AF	Roselli:NG:2018	rs7789146	7	150661409	G	A	0.800	0.058	0.009	6.51E-10	KCNH2	0	0	1
AF	Roselli:NG:2018	rs7508	8	17913970	A	G	0.710	0.068	0.008	2.22E-19	ASAH1	0	0	1
AF	Roselli:NG:2018	rs7846485	8	21803735	C	A	0.870	0.086	0.011	3.71E-15	XPO7	1	0	1
AF	Roselli:NG:2018	rs62521286	8	124551975	G	A	0.700	0.122	0.015	1.24E-16	FBXO32	0	0	1
AF	Roselli:NG:2018	rs35006907	8	125859817	A	C	0.330	0.049	0.008	2.76E-09	MTSS1	1	0	1
AF	Roselli:NG:2018	rs7460121	8	135812416	A	G	0.100	0.068	0.012	1.65E-08	MIR30B	1	0	1
AF	Roselli:NG:2018	rs6993266	8	141762659	A	G	0.540	0.049	0.008	9.73E-10	PTK2	1	0	1
AF	Roselli:NG:2018	rs4977397	9	20235004	A	G	0.570	0.039	0.007	8.60E-09	SLC24A2,MLLT3	1	0	1
AF	Roselli:NG:2018	rs4385527	9	97648587	A	G	0.390	0.095	0.008	2.26E-36	C9orf3	1	0	1
AF	Roselli:NG:2018	rs4743034	9	109632353	A	G	0.230	0.049	0.008	3.98E-09	ZNF462	1	0	1
AF	Roselli:NG:2018	rs10760361	9	127178266	G	T	0.650	0.039	0.007	7.03E-09	PSMB7	1	0	1
AF	Roselli:NG:2018	rs7919685	10	65315800	G	T	0.530	0.058	0.007	5.00E-16	REEP3	1	0	1
AF	Roselli:NG:2018	rs60212594	10	75414344	G	C	0.850	0.113	0.011	6.48E-27	SYNPO2L	0	0	1
AF	Roselli:NG:2018	rs11001667	10	77935345	G	A	0.220	0.058	0.009	1.06E-11	C10orf11	1	0	1
AF	Roselli:NG:2018	rs1044258	10	103605714	T	C	0.660	0.049	0.008	1.07E-09	C10orf76	1	0	1
AF	Roselli:NG:2018	rs11598047	10	105342672	G	A	0.160	0.157	0.010	4.83E-58	NEURL	0	0	1
AF	Roselli:NG:2018	rs1822273	11	20010513	G	A	0.270	0.068	0.008	8.99E-17	NAV2	0	0	1
AF	Roselli:NG:2018	rs949078	11	121629007	C	T	0.270	0.049	0.007	4.77E-11	SORL1,MIR100HG	1	0	1
AF	Roselli:NG:2018	rs76097649	11	128764570	A	G	0.800	0.122	0.013	2.19E-20	KCNJ5	0	0	1
AF	Roselli:NG:2018	rs10842383	12	24771967	C	T	0.860	0.104	0.010	1.02E-25	BCAT1	1	0	1
AF	Roselli:NG:2018	rs113819537	12	26348429	C	G	0.740	0.049	0.008	2.23E-09	SSPN	0	0	1
AF	Roselli:NG:2018	rs12809354	12	32978437	C	T	0.150	0.077	0.010	5.48E-16	PKP2	1	0	1
AF	Roselli:NG:2018	rs7978685	12	57103154	T	C	0.280	0.058	0.008	5.99E-12	NACA	0	0	1
AF	Roselli:NG:2018	rs35349325	12	70097464	T	C	0.540	0.049	0.007	9.04E-13	BEST3	0	0	1
AF	Roselli:NG:2018	rs11180703	12	76223817	G	A	0.560	0.049	0.008	3.58E-10	KRR1,PHLDA1	1	0	1
AF	Roselli:NG:2018	rs883079	12	114793240	T	C	0.690	0.122	0.008	1.26E-51	TBX5	1	0	1
AF	Roselli:NG:2018	rs12810346	12	115091017	T	C	0.150	0.068	0.011	2.34E-09	TBX5,TBX3	1	0	1
AF	Roselli:NG:2018	rs12298484	12	124418674	C	T	0.670	0.049	0.008	2.05E-09	DNAH10	1	0	1
AF	Roselli:NG:2018	rs9580438	13	23373406	C	T	0.320	0.058	0.008	1.01E-13	LINC00540,BASP1P1	1	0	1
AF	Roselli:NG:2018	rs28631169	14	23888183	T	C	0.200	0.068	0.009	3.80E-14	MYH7	1	0	1
AF	Roselli:NG:2018	rs2145587	14	32981484	A	G	0.280	0.077	0.008	2.32E-21	AKAP6	1	0	1
AF	Roselli:NG:2018	rs73241997	14	35173775	T	C	0.160	0.068	0.009	1.10E-13	SNX6,CFL2	0	0	1
AF	Roselli:NG:2018	rs2738413	14	64679960	A	G	0.470	0.077	0.007	1.81E-29	SYNE2	0	0	1
AF	Roselli:NG:2018	rs10873299	14	77426711	A	G	0.380	0.049	0.008	9.62E-11	LRRC74,IRF2BPL	1	0	1
AF	Roselli:NG:2018	rs62011291	15	63800013	G	A	0.230	0.049	0.008	6.14E-09	USP3	1	0	1
AF	Roselli:NG:2018	rs12591736	15	70454139	G	A	0.820	0.058	0.010	2.47E-09	TLE3,UACA	1	0	1
AF	Roselli:NG:2018	rs74022964	15	73677264	T	C	0.160	0.104	0.010	1.27E-27	HCN4,REC114	0	0	1
AF	Roselli:NG:2018	rs12908004	15	80676925	G	A	0.160	0.077	0.010	1.95E-14	LINC00927,ARNT2	0	0	1
AF	Roselli:NG:2018	rs12908437	15	99287375	T	C	0.390	0.049	0.008	1.25E-10	IGF1R	1	0	1
AF	Roselli:NG:2018	rs2286466	16	2014283	G	A	0.810	0.068	0.009	3.53E-14	RPS2	0	0	1
AF	Roselli:NG:2018	rs2359171	16	73053022	A	T	0.190	0.191	0.009	2.94E-100	ZFHX3	1	0	1
AF	Roselli:NG:2018	rs8073937	17	7435040	G	A	0.370	0.049	0.007	1.02E-11	POLR2A,TNFSF12	1	0	1
AF	Roselli:NG:2018	rs72811294	17	12618680	G	C	0.890	0.068	0.012	6.87E-09	MYOCD	0	0	1
AF	Roselli:NG:2018	rs242557	17	44019712	G	A	0.610	0.039	0.007	4.35E-09	MAPT	0	0	1
AF	Roselli:NG:2018	rs76774446	17	45046368	A	C	0.130	0.068	0.012	1.13E-08	GOSR2	0	0	1
AF	Roselli:NG:2018	rs7219869	17	68337185	G	C	0.440	0.049	0.008	1.49E-10	KCNJ2,CASC17	1	0	1
AF	Roselli:NG:2018	rs9953366	18	46474192	C	T	0.660	0.049	0.008	9.03E-11	SMAD7	0	0	1
AF	Roselli:NG:2018	rs2145274	20	6572014	A	C	0.910	0.104	0.015	6.97E-13	CASC20,BMP2	1	0	1
AF	Roselli:NG:2018	rs7269123	20	61157939	C	T	0.580	0.049	0.008	5.59E-09	C20orf166	1	0	1
AF	Roselli:NG:2018	rs2834618	21	36119111	T	G	0.900	0.113	0.013	2.93E-18	LOC100506385	1	0	1
AF	Roselli:NG:2018	rs465276	22	18600583	G	A	0.610	0.049	0.007	1.84E-11	TUBA8	0	0	1