TRAIT	author:journal:year	snp.id.orig	CHR	BP	EFAL	NEFAL	EAF	BETA	SE	P	gene	Included in the PRS	missing_ukbiobank	beta_switch
QT-Interval	Arking:NG:2014	rs2298632	1	23710475	T	C	0.496	0.700	0.090	1.40E-14	TCEA3	1	0	1
QT-Interval	Arking:NG:2014	rs4656345	1	161991237	A	G	0.085	-4.730	0.520	1.00E-19	NOS1AP	1	0	1
QT-Interval	Arking:NG:2014	rs10919070	1	169099037	C	A	0.126	-1.680	0.140	1.10E-31	ATP1B1	1	0	1
QT-Interval	Arking:NG:2014	rs12061601	1	169070450	C	T	0.117	-1.410	0.150	3.10E-21	ATP1B1	1	0	1
QT-Interval	Arking:NG:2014	rs12997023	2	40752982	C	T	0.049	-1.690	0.220	4.70E-14	SLC8A1	1	0	1
QT-Interval	Arking:NG:2014	rs6544311	2	40353277	A	C	0.376	0.650	0.100	1.80E-10	SLC8A1	1	0	1
QT-Interval	Arking:NG:2014	rs938291	2	174742608	G	C	0.390	0.530	0.090	5.90E-10	SP3	1	0	1
QT-Interval	Arking:NG:2014	rs295140	2	201160699	T	C	0.423	0.610	0.080	4.40E-13	SPATS2L	1	0	1
QT-Interval	Arking:NG:2014	rs6793245	3	38599037	A	G	0.317	-1.120	0.100	4.40E-27	SCN5A-SCN10A	1	0	1
QT-Interval	Arking:NG:2014	rs6599234	3	38715300	A	T	0.324	0.700	0.100	2.20E-11	SCN5A-SCN10A	1	0	1
QT-Interval	Arking:NG:2014	rs6801957	3	38767315	T	C	0.403	-0.630	0.100	1.10E-10	SCN5A-SCN10A	1	0	1
QT-Interval	Arking:NG:2014	rs17784882	3	47544003	A	C	0.396	-0.540	0.100	0.000000033	C3ORF75	1	0	1
QT-Interval	Arking:NG:2014	rs2363719	4	72138216	A	G	0.108	0.970	0.160	7.80E-10	SLC4A4	1	0	1
QT-Interval	Arking:NG:2014	rs3857067	4	95026434	A	T	0.457	-0.510	0.080	1.20E-09	SMARCAD1	1	0	1
QT-Interval	Arking:NG:2014	rs10040989	5	137573725	A	G	0.133	-0.850	0.130	5.40E-11	GFRA3	1	0	1
QT-Interval	Arking:NG:2014	rs7765828	6	16294722	G	C	0.402	0.550	0.090	3.20E-10	GMPR	1	0	1
QT-Interval	Arking:NG:2014	rs16936870	8	71189342	A	T	0.097	0.990	0.160	1.10E-09	NCOA2	1	0	1
QT-Interval	Arking:NG:2014	rs11779860	8	98850330	C	T	0.470	-0.610	0.100	1.70E-10	LAPTM4B	1	0	1
QT-Interval	Arking:NG:2014	rs1961102	8	103932845	T	C	0.331	0.570	0.100	3.40E-09	AZIN1	1	0	1
QT-Interval	Arking:NG:2014	rs2485376	10	104050006	A	G	0.391	-0.560	0.100	0.000000027	GBF1	1	0	1
QT-Interval	Arking:NG:2014	rs2301696	11	2426984	G	C	0.404	-1.140	0.180	4.30E-10	KCNQ1	1	0	1
QT-Interval	Arking:NG:2014	rs174583	11	61609750	T	C	0.344	-0.570	0.090	8.20E-11	FADS2	1	0	1
QT-Interval	Arking:NG:2014	rs3026445	12	110723203	C	T	0.356	0.620	0.090	2.90E-12	ATP2A2	1	0	1
QT-Interval	Arking:NG:2014	rs2273905	14	102974999	T	C	0.355	0.610	0.090	4.00E-11	ANKRD9	1	0	1
QT-Interval	Arking:NG:2014	rs3105593	15	50845018	T	C	0.446	0.660	0.100	3.10E-12	USP50-TRPM7	1	0	1
QT-Interval	Arking:NG:2014	rs1296720	16	3873642	C	A	0.197	0.830	0.130	3.60E-10	CREBBP	1	0	1
QT-Interval	Arking:NG:2014	rs246185	16	14395432	C	T	0.335	0.720	0.100	2.60E-13	MKL2	1	0	1
QT-Interval	Arking:NG:2014	rs4784934	16	58459926	A	G	0.254	0.670	0.120	5.50E-09	CNOT1	1	0	1
QT-Interval	Arking:NG:2014	rs1052536	17	33331575	C	T	0.530	0.980	0.100	6.20E-25	LIG3	1	0	1
QT-Interval	Arking:NG:2014	rs236586	17	68203546	G	A	0.466	0.640	0.100	6.00E-11	KCNJ2	1	0	1
QT-Interval	Arking:NG:2014	rs1805128	21	35821680	T	C	0.010	7.420	0.850	2.00E-18	KCNE1	1	0	1
QT-Interval	Bihlmeyer:CircGenomicAndPrecisionMedicine:2018	rs1361754	1	205801872	G	A	0.511	0.470	0.080	1.20E-09	PM20D1	1	0	1
QT-Interval	Bihlmeyer:CircGenomicAndPrecisionMedicine:2018	rs55910611	2	220500412	A	G	0.006	-3.060	0.610	1.53E-07	SLC4A3	1	0	1
QT-Interval	Bihlmeyer:CircGenomicAndPrecisionMedicine:2018	rs1801725	3	122003757	T	G	0.126	-0.580	0.120	4.30E-08	CASR	1	0	1
QT-Interval	Bihlmeyer:CircGenomicAndPrecisionMedicine:2018	rs4934956	10	38814815	T	C	0.497	0.580	0.100	2.29E-10	ZNF37A	1	0	1
QT-Interval	Bihlmeyer:CircGenomicAndPrecisionMedicine:2018	rs17608766	17	45013271	C	T	0.123	0.720	0.120	2.83E-09	GOSR2	1	0	1
QT-Interval	Bihlmeyer:CircGenomicAndPrecisionMedicine:2018	rs709209	1	6278414	G	A	0.379	1.230	0.090	1.00E-48	RNF207	1	0	1
QT-Interval	Bihlmeyer:CircGenomicAndPrecisionMedicine:2018	rs72648998	2	179575511	T	C	0.054	1.000	0.180	3.00E-09	TTN-CCDC141	1	0	1
QT-Interval	Bihlmeyer:CircGenomicAndPrecisionMedicine:2018	rs192861441	2	201303848	A	G	0.004	-2.220	0.670	3.00E-04	SPATS2L	1	0	1
QT-Interval	Bihlmeyer:CircGenomicAndPrecisionMedicine:2018	rs1805123	7	150645534	G	T	0.214	-1.470	0.100	7.00E-51	KCNH2	1	0	1
QT-Interval	Bihlmeyer:CircGenomicAndPrecisionMedicine:2018	rs12143842	1	162033890	T	C	0.240	3.180	0.100	3.00E-255	NOS1AP	1	0	1
QT-Interval	Bihlmeyer:CircGenomicAndPrecisionMedicine:2018	rs11153730	6	118667522	C	T	0.467	1.410	0.080	5.00E-74	SLC35F1-PLN	1	0	1
QT-Interval	Bihlmeyer:CircGenomicAndPrecisionMedicine:2018	rs3807989	7	116186241	A	G	0.429	0.540	0.080	4.00E-12	CAV1	1	0	1
QT-Interval	Bihlmeyer:CircGenomicAndPrecisionMedicine:2018	rs2074238	11	2484803	T	C	0.074	-3.580	0.160	8.00E-130	KCNQ1	1	0	1
QT-Interval	Bihlmeyer:CircGenomicAndPrecisionMedicine:2018	rs1886512	13	74520186	A	T	0.381	0.570	0.090	2.00E-10	KLF12	1	0	1
QT-Interval	Bihlmeyer:CircGenomicAndPrecisionMedicine:2018	rs8049607	16	11691753	T	C	0.503	1.050	0.080	8.00E-44	LITAF	1	0	1
QT-Interval	Bihlmeyer:CircGenomicAndPrecisionMedicine:2018	rs7188697	16	58622178	G	A	0.247	-1.570	0.100	4.00E-63	CNOT1	1	0	1
QT-Interval	Bihlmeyer:CircGenomicAndPrecisionMedicine:2018	rs9912468	17	64318357	G	C	0.417	-0.680	0.080	2.00E-15	PRKCA	1	0	1
QT-Interval	Bihlmeyer:CircGenomicAndPrecisionMedicine:2018	rs17779747	17	68494992	T	G	0.304	-1.080	0.090	3.00E-37	KCNJ2	1	0	1
QT-Interval	Bihlmeyer:CircGenomicAndPrecisionMedicine:2018	rs727957	21	35880072	T	G	0.168	0.480	0.110	3.00E-05	KCNE1	1	0	1